Time [s],Packet ID,MOSI,MISO
2.481394520000000,0,\xFF,\xFF
2.481428680000000,0,@,\xFF
2.481472660000000,0,\0,\xFF
2.481513460000000,0,\0,\xFF
2.481550740000000,0,\0,\xFF
2.481584520000000,0,\0,\xFF
2.481618060000000,0,\x95,\xFF
2.481651280000000,0,\xFF,\xFF
2.481685000000000,0,\xFF,\x01
2.481729560000000,0,\xFF,\xFF
2.481763720000000,0,H,\xFF
2.481807700000000,0,\0,\xFF
2.481848480000000,0,\0,\xFF
2.481885840000000,0,\x01,\xFF
2.481919620000000,0,\xAA,\xFF
2.481953420000000,0,\x87,\xFF
2.481986640000000,0,\xFF,\xFF
2.482020360000000,0,\xFF,\x01
2.482055520000000,0,\xFF,\0
2.482089060000000,0,\xFF,\0
2.482122580000000,0,\xFF,\x01
2.482156120000000,0,\xFF,\xAA
2.482200040000000,0,\xFF,\xFF
2.482234200000000,0,w,\xFF
2.482278180000000,0,\0,\xFF
2.482318980000000,0,\0,\xFF
2.482356260000000,0,\0,\xFF
2.482390060000000,0,\0,\xFF
2.482423780000000,0,\xFF,\xFF
2.482457000000000,0,\xFF,\xFF
2.482490720000000,0,\xFF,\x01
2.482534700000000,0,\xFF,\xFF
2.482568860000000,0,i,\xFF
2.482612840000000,0,@,\xFF
2.482653640000000,0,\0,\xFF
2.482690940000000,0,\0,\xFF
2.482724720000000,0,\0,\xFF
2.482758440000000,0,\xFF,\xFF
2.482791660000000,0,\xFF,\xFF
2.482825380000000,0,\xFF,\x01
2.482871240000000,0,\xFF,\xFF
2.482907460000000,0,w,\xFF
2.482951460000000,0,\0,\xFF
2.482992300000000,0,\0,\xFF
2.483029600000000,0,\0,\xFF
2.483063380000000,0,\0,\xFF
2.483097100000000,0,\xFF,\xFF
2.483130320000000,0,\xFF,\xFF
2.483164040000000,0,\xFF,\x01
2.483208040000000,0,\xFF,\xFF
2.483242200000000,0,i,\xFF
2.483286180000000,0,@,\xFF
2.483326960000000,0,\0,\xFF
2.483364260000000,0,\0,\xFF
2.483398040000000,0,\0,\xFF
2.483431760000000,0,\xFF,\xFF
2.483464980000000,0,\xFF,\xFF
2.483498700000000,0,\xFF,\0
2.483543320000000,0,\xFF,\xFF
2.483577480000000,0,z,\xFF
2.483621460000000,0,\0,\xFF
2.483662260000000,0,\0,\xFF
2.483699540000000,0,\0,\xFF
2.483733320000000,0,\0,\xFF
2.483767060000000,0,\xFF,\xFF
2.483800280000000,0,\xFF,\xFF
2.483834000000000,0,\xFF,\0
2.483869040000000,0,\xFF,\x80
2.483902440000000,0,\xFF,\xFF
2.483935660000000,0,\xFF,\x80
2.483968820000000,0,\xFF,\0
2.484037200000000,0,\xFF,\xFF
2.484041340000000,0,Q,\xFF
2.484055280000000,0,\0,\xFF
2.484066040000000,0,\0,\xFF
2.484073300000000,0,\0,\xFF
2.484077060000000,0,\0,\xFF
2.484080760000000,0,\xFF,\xFF
2.484083940000000,0,\xFF,\xFF
2.484087640000000,0,\xFF,\0
2.484093880000000,0,\xFF,\xFF
2.484098840000000,0,\xFF,\xFF
2.484103780000000,0,\xFF,\xFF
2.484108720000000,0,\xFF,\xFF
2.484113660000000,0,\xFF,\xFF
2.484118600000000,0,\xFF,\xFF
2.484123540000000,0,\xFF,\xFF
2.484128480000000,0,\xFF,\xFF
2.484133440000000,0,\xFF,\xFF
2.484138380000000,0,\xFF,\xFF
2.484143320000000,0,\xFF,\xFF
2.484148260000000,0,\xFF,\xFF
2.484153200000000,0,\xFF,\xFF
2.484158140000000,0,\xFF,\xFF
2.484163080000000,0,\xFF,\xFF
2.484168020000000,0,\xFF,\xFF
2.484172980000000,0,\xFF,\xFF
2.484177920000000,0,\xFF,\xFF
2.484182860000000,0,\xFF,\xFF
2.484187800000000,0,\xFF,\xFF
2.484192740000000,0,\xFF,\xFF
2.484197680000000,0,\xFF,\xFF
2.484202620000000,0,\xFF,\xFF
2.484207580000000,0,\xFF,\xFF
2.484212520000000,0,\xFF,\xFF
2.484217460000000,0,\xFF,\xFF
2.484222400000000,0,\xFF,\xFF
2.484227340000000,0,\xFF,\xFF
2.484232280000000,0,\xFF,\xFF
2.484237220000000,0,\xFF,\xFF
2.484242160000000,0,\xFF,\xFF
2.484247120000000,0,\xFF,\xFF
2.484252060000000,0,\xFF,\xFF
2.484257000000000,0,\xFF,\xFF
2.484261940000000,0,\xFF,\xFF
2.484266880000000,0,\xFF,\xFF
2.484271820000000,0,\xFF,\xFF
2.484276760000000,0,\xFF,\xFF
2.484281720000000,0,\xFF,\xFF
2.484286660000000,0,\xFF,\xFF
2.484291600000000,0,\xFF,\xFF
2.484296540000000,0,\xFF,\xFF
2.484301480000000,0,\xFF,\xFF
2.484306420000000,0,\xFF,\xFF
2.484311360000000,0,\xFF,\xFF
2.484316300000000,0,\xFF,\xFF
2.484321260000000,0,\xFF,\xFF
2.484326200000000,0,\xFF,\xFF
2.484331140000000,0,\xFF,\xFF
2.484336080000000,0,\xFF,\xFF
2.484341020000000,0,\xFF,\xFF
2.484345960000000,0,\xFF,\xFF
2.484350900000000,0,\xFF,\xFF
2.484355860000000,0,\xFF,\xFF
2.484360800000000,0,\xFF,\xFF
2.484365740000000,0,\xFF,\xFF
2.484370680000000,0,\xFF,\xFF
2.484375620000000,0,\xFF,\xFF
2.484380560000000,0,\xFF,\xFF
2.484385500000000,0,\xFF,\xFF
2.484390440000000,0,\xFF,\xFF
2.484395400000000,0,\xFF,\xFF
2.484400340000000,0,\xFF,\xFF
2.484405280000000,0,\xFF,\xFF
2.484410220000000,0,\xFF,\xFF
2.484415160000000,0,\xFF,\xFF
2.484420100000000,0,\xFF,\xFF
2.484425040000000,0,\xFF,\xFF
2.484430000000000,0,\xFF,\xFF
2.484434940000000,0,\xFF,\xFF
2.484439880000000,0,\xFF,\xFF
2.484444820000000,0,\xFF,\xFF
2.484449760000000,0,\xFF,\xFF
2.484454700000000,0,\xFF,\xFF
2.484459640000000,0,\xFF,\xFF
2.484464580000000,0,\xFF,\xFF
2.484469540000000,0,\xFF,\xFF
2.484474480000000,0,\xFF,\xFF
2.484479420000000,0,\xFF,\xFF
2.484484360000000,0,\xFF,\xFF
2.484489300000000,0,\xFF,\xFF
2.484494240000000,0,\xFF,\xFF
2.484499180000000,0,\xFF,\xFF
2.484504140000000,0,\xFF,\xFF
2.484509080000000,0,\xFF,\xFF
2.484514020000000,0,\xFF,\xFF
2.484518960000000,0,\xFF,\xFF
2.484523900000000,0,\xFF,\xFF
2.484528840000000,0,\xFF,\xFF
2.484533780000000,0,\xFF,\xFF
2.484538720000000,0,\xFF,\xFF
2.484543680000000,0,\xFF,\xFF
2.484548620000000,0,\xFF,\xFF
2.484553560000000,0,\xFF,\xFF
2.484558500000000,0,\xFF,\xFF
2.484563440000000,0,\xFF,\xFF
2.484568380000000,0,\xFF,\xFF
2.484573320000000,0,\xFF,\xFF
2.484578280000000,0,\xFF,\xFF
2.484583220000000,0,\xFF,\xFF
2.484588160000000,0,\xFF,\xFF
2.484593100000000,0,\xFF,\xFF
2.484598040000000,0,\xFF,\xFF
2.484602980000000,0,\xFF,\xFF
2.484607920000000,0,\xFF,\xFF
2.484612860000000,0,\xFF,\xFF
2.484617820000000,0,\xFF,\xFF
2.484622760000000,0,\xFF,\xFF
2.484627700000000,0,\xFF,\xFF
2.484632640000000,0,\xFF,\xFF
2.484637580000000,0,\xFF,\xFF
2.484642520000000,0,\xFF,\xFF
2.484647460000000,0,\xFF,\xFF
2.484652400000000,0,\xFF,\xFF
2.484657360000000,0,\xFF,\xFF
2.484662300000000,0,\xFF,\xFF
2.484667240000000,0,\xFF,\xFF
2.484672180000000,0,\xFF,\xFF
2.484677120000000,0,\xFF,\xFF
2.484682060000000,0,\xFF,\xFF
2.484687000000000,0,\xFF,\xFF
2.484691960000000,0,\xFF,\xFF
2.484696900000000,0,\xFF,\xFF
2.484701840000000,0,\xFF,\xFF
2.484706780000000,0,\xFF,\xFF
2.484711720000000,0,\xFF,\xFF
2.484716660000000,0,\xFF,\xFF
2.484721600000000,0,\xFF,\xFF
2.484726540000000,0,\xFF,\xFF
2.484731500000000,0,\xFF,\xFF
2.484736440000000,0,\xFF,\xFF
2.484741380000000,0,\xFF,\xFF
2.484746320000000,0,\xFF,\xFF
2.484751260000000,0,\xFF,\xFF
2.484756200000000,0,\xFF,\xFF
2.484761140000000,0,\xFF,\xFF
2.484766100000000,0,\xFF,\xFF
2.484771040000000,0,\xFF,\xFF
2.484775980000000,0,\xFF,\xFF
2.484780920000000,0,\xFF,\xFF
2.484785860000000,0,\xFF,\xFF
2.484790800000000,0,\xFF,\xFF
2.484795740000000,0,\xFF,\xFF
2.484800700000000,0,\xFF,\xFF
2.484805640000000,0,\xFF,\xFF
2.484810580000000,0,\xFF,\xFF
2.484815520000000,0,\xFF,\xFF
2.484820460000000,0,\xFF,\xFF
2.484825400000000,0,\xFF,\xFF
2.484830340000000,0,\xFF,\xFF
2.484835280000000,0,\xFF,\xFF
2.484840240000000,0,\xFF,\xFF
2.484845180000000,0,\xFF,\xFF
2.484850120000000,0,\xFF,\xFF
2.484855060000000,0,\xFF,\xFF
2.484860000000000,0,\xFF,\xFF
2.484864940000000,0,\xFF,\xFF
2.484869880000000,0,\xFF,\xFF
2.484874840000000,0,\xFF,\xFF
2.484879780000000,0,\xFF,\xFF
2.484884720000000,0,\xFF,\xFF
2.484889660000000,0,\xFF,\xFF
2.484894600000000,0,\xFF,\xFF
2.484899540000000,0,\xFF,\xFF
2.484904480000000,0,\xFF,\xFF
2.484909420000000,0,\xFF,\xFF
2.484914380000000,0,\xFF,\xFF
2.484919320000000,0,\xFF,\xFF
2.484924260000000,0,\xFF,\xFF
2.484929200000000,0,\xFF,\xFF
2.484934140000000,0,\xFF,\xFF
2.484939080000000,0,\xFF,\xFF
2.484944020000000,0,\xFF,\xFF
2.484955040000000,0,\xFF,\xFF
2.484959980000000,0,\xFF,\xFF
2.484964920000000,0,\xFF,\xFF
2.484969860000000,0,\xFF,\xFF
2.484974800000000,0,\xFF,\xFF
2.484979760000000,0,\xFF,\xFF
2.484984700000000,0,\xFF,\xFF
2.484989640000000,0,\xFF,\xFF
2.484994580000000,0,\xFF,\xFF
2.484999520000000,0,\xFF,\xFF
2.485004460000000,0,\xFF,\xFF
2.485009400000000,0,\xFF,\xFF
2.485014360000000,0,\xFF,\xFF
2.485019300000000,0,\xFF,\xFF
2.485024240000000,0,\xFF,\xFF
2.485029180000000,0,\xFF,\xFF
2.485034120000000,0,\xFF,\xFF
2.485039060000000,0,\xFF,\xFF
2.485051820000000,0,\xFF,\xFF
2.485056780000000,0,\xFF,\xFF
2.485061720000000,0,\xFF,\xFF
2.485066660000000,0,\xFF,\xFF
2.485071600000000,0,\xFF,\xFF
2.485076540000000,0,\xFF,\xFF
2.485081480000000,0,\xFF,\xFF
2.485086420000000,0,\xFF,\xFF
2.485091360000000,0,\xFF,\xFF
2.485096320000000,0,\xFF,\xFF
2.485101260000000,0,\xFF,\xFF
2.485106200000000,0,\xFF,\xFF
2.485111140000000,0,\xFF,\xFF
2.485116080000000,0,\xFF,\xFF
2.485121020000000,0,\xFF,\xFF
2.485125960000000,0,\xFF,\xFF
2.485130920000000,0,\xFF,\xFF
2.485135860000000,0,\xFF,\xFF
2.485140800000000,0,\xFF,\xFF
2.485145740000000,0,\xFF,\xFF
2.485150680000000,0,\xFF,\xFF
2.485155620000000,0,\xFF,\xFF
2.485160560000000,0,\xFF,\xFF
2.485165500000000,0,\xFF,\xFF
2.485170460000000,0,\xFF,\xFF
2.485175400000000,0,\xFF,\xFF
2.485180340000000,0,\xFF,\xFF
2.485185280000000,0,\xFF,\xFF
2.485190220000000,0,\xFF,\xFE
2.485194920000000,0,\xFF,\0
2.485198540000000,0,\xFF,\0
2.485202180000000,0,\xFF,\0
2.485205800000000,0,\xFF,\0
2.485209420000000,0,\xFF,\0
2.485213060000000,0,\xFF,\0
2.485216680000000,0,\xFF,\0
2.485220320000000,0,\xFF,\0
2.485223940000000,0,\xFF,\0
2.485227580000000,0,\xFF,\0
2.485231200000000,0,\xFF,\0
2.485234840000000,0,\xFF,\0
2.485238460000000,0,\xFF,\0
2.485242080000000,0,\xFF,\0
2.485245720000000,0,\xFF,\0
2.485249340000000,0,\xFF,\0
2.485252980000000,0,\xFF,\0
2.485256600000000,0,\xFF,\0
2.485260240000000,0,\xFF,\0
2.485263860000000,0,\xFF,\0
2.485267500000000,0,\xFF,\0
2.485271120000000,0,\xFF,\0
2.485274740000000,0,\xFF,\0
2.485278380000000,0,\xFF,\0
2.485282000000000,0,\xFF,\0
2.485285640000000,0,\xFF,\0
2.485289260000000,0,\xFF,\0
2.485292900000000,0,\xFF,\0
2.485296520000000,0,\xFF,\0
2.485300140000000,0,\xFF,\0
2.485303780000000,0,\xFF,\0
2.485307400000000,0,\xFF,\0
2.485311040000000,0,\xFF,\0
2.485314660000000,0,\xFF,\0
2.485318300000000,0,\xFF,\0
2.485321920000000,0,\xFF,\0
2.485325560000000,0,\xFF,\0
2.485329180000000,0,\xFF,\0
2.485332800000000,0,\xFF,\0
2.485336440000000,0,\xFF,\0
2.485340060000000,0,\xFF,\0
2.485343700000000,0,\xFF,\0
2.485347320000000,0,\xFF,\0
2.485350960000000,0,\xFF,\0
2.485354580000000,0,\xFF,\0
2.485358220000000,0,\xFF,\0
2.485361840000000,0,\xFF,\0
2.485365460000000,0,\xFF,\0
2.485369100000000,0,\xFF,\0
2.485372720000000,0,\xFF,\0
2.485376360000000,0,\xFF,\0
2.485379980000000,0,\xFF,\0
2.485383620000000,0,\xFF,\0
2.485387240000000,0,\xFF,\0
2.485390860000000,0,\xFF,\0
2.485394500000000,0,\xFF,\0
2.485398120000000,0,\xFF,\0
2.485401760000000,0,\xFF,\0
2.485405380000000,0,\xFF,\0
2.485409020000000,0,\xFF,\0
2.485412640000000,0,\xFF,\0
2.485416280000000,0,\xFF,\0
2.485419900000000,0,\xFF,\0
2.485423520000000,0,\xFF,\0
2.485427160000000,0,\xFF,\0
2.485430780000000,0,\xFF,\0
2.485434420000000,0,\xFF,\0
2.485438040000000,0,\xFF,\0
2.485441680000000,0,\xFF,\0
2.485445300000000,0,\xFF,\0
2.485448940000000,0,\xFF,\0
2.485452560000000,0,\xFF,\0
2.485456180000000,0,\xFF,\0
2.485459820000000,0,\xFF,\0
2.485463440000000,0,\xFF,\0
2.485467080000000,0,\xFF,\0
2.485470700000000,0,\xFF,\0
2.485474340000000,0,\xFF,\0
2.485477960000000,0,\xFF,\0
2.485481580000000,0,\xFF,\0
2.485485220000000,0,\xFF,\0
2.485488840000000,0,\xFF,\0
2.485492480000000,0,\xFF,\0
2.485496100000000,0,\xFF,\0
2.485499740000000,0,\xFF,\0
2.485503360000000,0,\xFF,\0
2.485507000000000,0,\xFF,\0
2.485510620000000,0,\xFF,\0
2.485514240000000,0,\xFF,\0
2.485517880000000,0,\xFF,\0
2.485521500000000,0,\xFF,\0
2.485525140000000,0,\xFF,\0
2.485528760000000,0,\xFF,\0
2.485532400000000,0,\xFF,\0
2.485536020000000,0,\xFF,\0
2.485539660000000,0,\xFF,\0
2.485543280000000,0,\xFF,\0
2.485546900000000,0,\xFF,\0
2.485550540000000,0,\xFF,\0
2.485554160000000,0,\xFF,\0
2.485557800000000,0,\xFF,\0
2.485561420000000,0,\xFF,\0
2.485565060000000,0,\xFF,\0
2.485568680000000,0,\xFF,\0
2.485572300000000,0,\xFF,\0
2.485575940000000,0,\xFF,\0
2.485579560000000,0,\xFF,\0
2.485583200000000,0,\xFF,\0
2.485586820000000,0,\xFF,\0
2.485590460000000,0,\xFF,\0
2.485594080000000,0,\xFF,\0
2.485597720000000,0,\xFF,\0
2.485601340000000,0,\xFF,\0
2.485604960000000,0,\xFF,\0
2.485608600000000,0,\xFF,\0
2.485612220000000,0,\xFF,\0
2.485615860000000,0,\xFF,\0
2.485619480000000,0,\xFF,\0
2.485623120000000,0,\xFF,\0
2.485626740000000,0,\xFF,\0
2.485630380000000,0,\xFF,\0
2.485634000000000,0,\xFF,\0
2.485637620000000,0,\xFF,\0
2.485641260000000,0,\xFF,\0
2.485644880000000,0,\xFF,\0
2.485648520000000,0,\xFF,\0
2.485652140000000,0,\xFF,\0
2.485655780000000,0,\xFF,\0
2.485659400000000,0,\xFF,\0
2.485663020000000,0,\xFF,\0
2.485666660000000,0,\xFF,\0
2.485670280000000,0,\xFF,\0
2.485673920000000,0,\xFF,\0
2.485677540000000,0,\xFF,\0
2.485681180000000,0,\xFF,\0
2.485684800000000,0,\xFF,\0
2.485688440000000,0,\xFF,\0
2.485692060000000,0,\xFF,\0
2.485695680000000,0,\xFF,\0
2.485699320000000,0,\xFF,\0
2.485702940000000,0,\xFF,\0
2.485706580000000,0,\xFF,\0
2.485710200000000,0,\xFF,\0
2.485713840000000,0,\xFF,\0
2.485717460000000,0,\xFF,\0
2.485721080000000,0,\xFF,\0
2.485724720000000,0,\xFF,\0
2.485728340000000,0,\xFF,\0
2.485731980000000,0,\xFF,\0
2.485735600000000,0,\xFF,\0
2.485739240000000,0,\xFF,\0
2.485742860000000,0,\xFF,\0
2.485746500000000,0,\xFF,\0
2.485750120000000,0,\xFF,\0
2.485753740000000,0,\xFF,\0
2.485757380000000,0,\xFF,\0
2.485761000000000,0,\xFF,\0
2.485764640000000,0,\xFF,\0
2.485768260000000,0,\xFF,\0
2.485771900000000,0,\xFF,\0
2.485775520000000,0,\xFF,\0
2.485779160000000,0,\xFF,\0
2.485782780000000,0,\xFF,\0
2.485786400000000,0,\xFF,\0
2.485790040000000,0,\xFF,\0
2.485793660000000,0,\xFF,\0
2.485797300000000,0,\xFF,\0
2.485800920000000,0,\xFF,\0
2.485804560000000,0,\xFF,\0
2.485808180000000,0,\xFF,\0
2.485811800000000,0,\xFF,\0
2.485815440000000,0,\xFF,\0
2.485819060000000,0,\xFF,\0
2.485822700000000,0,\xFF,\0
2.485826320000000,0,\xFF,\0
2.485829960000000,0,\xFF,\0
2.485833580000000,0,\xFF,\0
2.485837220000000,0,\xFF,\0
2.485840840000000,0,\xFF,\0
2.485844460000000,0,\xFF,\0
2.485848100000000,0,\xFF,\0
2.485851720000000,0,\xFF,\0
2.485855360000000,0,\xFF,\0
2.485858980000000,0,\xFF,\0
2.485862620000000,0,\xFF,\0
2.485866240000000,0,\xFF,\0
2.485869880000000,0,\xFF,\0
2.485873500000000,0,\xFF,\0
2.485877120000000,0,\xFF,\0
2.485880760000000,0,\xFF,\0
2.485884380000000,0,\xFF,\0
2.485888020000000,0,\xFF,\0
2.485891640000000,0,\xFF,\0
2.485895280000000,0,\xFF,\0
2.485898900000000,0,\xFF,\0
2.485902520000000,0,\xFF,\0
2.485906160000000,0,\xFF,\0
2.485909780000000,0,\xFF,\0
2.485913420000000,0,\xFF,\0
2.485917040000000,0,\xFF,\0
2.485920680000000,0,\xFF,\0
2.485924300000000,0,\xFF,\0
2.485927940000000,0,\xFF,\0
2.485931560000000,0,\xFF,\0
2.485935180000000,0,\xFF,\0
2.485938820000000,0,\xFF,\0
2.485942440000000,0,\xFF,\0
2.485946080000000,0,\xFF,\0
2.485949700000000,0,\xFF,\0
2.485953340000000,0,\xFF,\0
2.485956960000000,0,\xFF,\0
2.485960600000000,0,\xFF,\0
2.485964220000000,0,\xFF,\0
2.485967840000000,0,\xFF,\0
2.485971480000000,0,\xFF,\0
2.485980180000000,0,\xFF,\0
2.485983800000000,0,\xFF,\0
2.485987440000000,0,\xFF,\0
2.485991060000000,0,\xFF,\0
2.485994680000000,0,\xFF,\0
2.485998320000000,0,\xFF,\0
2.486001940000000,0,\xFF,\0
2.486005580000000,0,\xFF,\0
2.486009200000000,0,\xFF,\0
2.486012840000000,0,\xFF,\0
2.486016460000000,0,\xFF,\0
2.486020080000000,0,\xFF,\0
2.486023720000000,0,\xFF,\0
2.486027340000000,0,\xFF,\0
2.486030980000000,0,\xFF,\0
2.486034600000000,0,\xFF,\0
2.486038240000000,0,\xFF,\0
2.486041860000000,0,\xFF,\0
2.486045500000000,0,\xFF,\0
2.486049120000000,0,\xFF,\0
2.486052740000000,0,\xFF,\0
2.486056380000000,0,\xFF,\0
2.486060000000000,0,\xFF,\0
2.486063640000000,0,\xFF,\0
2.486067260000000,0,\xFF,\0
2.486070900000000,0,\xFF,\0
2.486074520000000,0,\xFF,\0
2.486078160000000,0,\xFF,\0
2.486081780000000,0,\xFF,\0
2.486093220000000,0,\xFF,\0
2.486096860000000,0,\xFF,\0
2.486100480000000,0,\xFF,\0
2.486104120000000,0,\xFF,\0
2.486107740000000,0,\xFF,\0
2.486111380000000,0,\xFF,\0
2.486115000000000,0,\xFF,\0
2.486118640000000,0,\xFF,\0
2.486122260000000,0,\xFF,\0
2.486125880000000,0,\xFF,\0
2.486129520000000,0,\xFF,\0
2.486133140000000,0,\xFF,\0
2.486136780000000,0,\xFF,\0
2.486140400000000,0,\xFF,\0
2.486144040000000,0,\xFF,\0
2.486147660000000,0,\xFF,\0
2.486151280000000,0,\xFF,\0
2.486154920000000,0,\xFF,\0
2.486158540000000,0,\xFF,\0
2.486162180000000,0,\xFF,\0
2.486165800000000,0,\xFF,\0
2.486169440000000,0,\xFF,\0
2.486173060000000,0,\xFF,\0
2.486176700000000,0,\xFF,\0
2.486180320000000,0,\xFF,\0
2.486183940000000,0,\xFF,\0
2.486187580000000,0,\xFF,\0
2.486191200000000,0,\xFF,\0
2.486194840000000,0,\xFF,\0
2.486198460000000,0,\xFF,\0
2.486202100000000,0,\xFF,\0
2.486205720000000,0,\xFF,\0
2.486209360000000,0,\xFF,\0
2.486212980000000,0,\xFF,\0
2.486216600000000,0,\xFF,\0
2.486220240000000,0,\xFF,\0
2.486223860000000,0,\xFF,\0
2.486227500000000,0,\xFF,\0
2.486231120000000,0,\xFF,\0
2.486234760000000,0,\xFF,\0
2.486238380000000,0,\xFF,\0
2.486242000000000,0,\xFF,\0
2.486245640000000,0,\xFF,\0
2.486249260000000,0,\xFF,\0
2.486252900000000,0,\xFF,\0
2.486256520000000,0,\xFF,\0
2.486260160000000,0,\xFF,\0
2.486263780000000,0,\xFF,\0
2.486267420000000,0,\xFF,\0
2.486271040000000,0,\xFF,\0
2.486274660000000,0,\xFF,\0
2.486278300000000,0,\xFF,\0
2.486281920000000,0,\xFF,\0
2.486285560000000,0,\xFF,\0
2.486289180000000,0,\xFF,\0
2.486292820000000,0,\xFF,\0
2.486296440000000,0,\xFF,\0
2.486300080000000,0,\xFF,\0
2.486303700000000,0,\xFF,\0
2.486307320000000,0,\xFF,\0
2.486310960000000,0,\xFF,\0
2.486314580000000,0,\xFF,\0
2.486318220000000,0,\xFF,\0
2.486321840000000,0,\xFF,\0
2.486325480000000,0,\xFF,\0
2.486329100000000,0,\xFF,\0
2.486332720000000,0,\xFF,\0
2.486336360000000,0,\xFF,\0
2.486339980000000,0,\xFF,\0
2.486343620000000,0,\xFF,\0
2.486347240000000,0,\xFF,\0
2.486350880000000,0,\xFF,\0
2.486354500000000,0,\xFF,\0
2.486358140000000,0,\xFF,\0
2.486361760000000,0,\xFF,\0
2.486365380000000,0,\xFF,\0
2.486369020000000,0,\xFF,\0
2.486372640000000,0,\xFF,\0
2.486376280000000,0,\xFF,\0
2.486379900000000,0,\xFF,\0
2.486383540000000,0,\xFF,\0
2.486387160000000,0,\xFF,\0
2.486390780000000,0,\xFF,\0
2.486394420000000,0,\xFF,\0
2.486398040000000,0,\xFF,\0
2.486401680000000,0,\xFF,\0
2.486405300000000,0,\xFF,\0
2.486408940000000,0,\xFF,\0
2.486412560000000,0,\xFF,\0
2.486416200000000,0,\xFF,\0
2.486419820000000,0,\xFF,\0
2.486423440000000,0,\xFF,\0
2.486427080000000,0,\xFF,\0
2.486430700000000,0,\xFF,\0
2.486434340000000,0,\xFF,\0
2.486437960000000,0,\xFF,\0
2.486441600000000,0,\xFF,\0
2.486445220000000,0,\xFF,\0
2.486448860000000,0,\xFF,\0
2.486452480000000,0,\xFF,\0
2.486456100000000,0,\xFF,\0
2.486459740000000,0,\xFF,\0
2.486463360000000,0,\xFF,\0
2.486467000000000,0,\xFF,\0
2.486470620000000,0,\xFF,\0
2.486474260000000,0,\xFF,\0
2.486477880000000,0,\xFF,\0
2.486481520000000,0,\xFF,\0
2.486485140000000,0,\xFF,\0
2.486488760000000,0,\xFF,\0
2.486492400000000,0,\xFF,\0
2.486496020000000,0,\xFF,\0
2.486499660000000,0,\xFF,\0
2.486503280000000,0,\xFF,\0
2.486506920000000,0,\xFF,\0
2.486510540000000,0,\xFF,\0
2.486514160000000,0,\xFF,\0
2.486517800000000,0,\xFF,\0
2.486521420000000,0,\xFF,\0
2.486525060000000,0,\xFF,\0
2.486528680000000,0,\xFF,\0
2.486532320000000,0,\xFF,\0
2.486535940000000,0,\xFF,\0
2.486539580000000,0,\xFF,\0
2.486543200000000,0,\xFF,\0
2.486546820000000,0,\xFF,\0
2.486550460000000,0,\xFF,\0
2.486554080000000,0,\xFF,\0
2.486557720000000,0,\xFF,\0
2.486561340000000,0,\xFF,\0
2.486564980000000,0,\xFF,\0
2.486568600000000,0,\xFF,\0
2.486572220000000,0,\xFF,\0
2.486575860000000,0,\xFF,\0
2.486579480000000,0,\xFF,\0
2.486583120000000,0,\xFF,\0
2.486586740000000,0,\xFF,\0
2.486590380000000,0,\xFF,\0
2.486594000000000,0,\xFF,\0
2.486597640000000,0,\xFF,\0
2.486601260000000,0,\xFF,\0
2.486604880000000,0,\xFF,\0
2.486608520000000,0,\xFF,\0
2.486612140000000,0,\xFF,\0
2.486615780000000,0,\xFF,\0
2.486619400000000,0,\xFF,\0
2.486623040000000,0,\xFF,\0
2.486626660000000,0,\xFF,\0
2.486630300000000,0,\xFF,\0
2.486633920000000,0,\xFF,\0
2.486637540000000,0,\xFF,\0
2.486641180000000,0,\xFF,\0
2.486644800000000,0,\xFF,\0
2.486648440000000,0,\xFF,\0
2.486652060000000,0,\xFF,\0
2.486655700000000,0,\xFF,\0
2.486659320000000,0,\xFF,\0
2.486662940000000,0,\xFF,\0
2.486666580000000,0,\xFF,\0
2.486670200000000,0,\xFF,\0
2.486673840000000,0,\xFF,\0
2.486677460000000,0,\xFF,\0
2.486681100000000,0,\xFF,\0
2.486684720000000,0,\xFF,\0
2.486688360000000,0,\xFF,\0
2.486691980000000,0,\xFF,\0
2.486695600000000,0,\xFF,\0
2.486699240000000,0,\xFF,\0
2.486702860000000,0,\xFF,\0
2.486706500000000,0,\xFF,\0
2.486710120000000,0,\xFF,\0
2.486713760000000,0,\xFF,\0
2.486717380000000,0,\xFF,\0
2.486721000000000,0,\xFF,\0
2.486724640000000,0,\xFF,\0
2.486728260000000,0,\xFF,\0
2.486731900000000,0,\xFF,\0
2.486735520000000,0,\xFF,\0
2.486739160000000,0,\xFF,\0
2.486742780000000,0,\xFF,\0
2.486746420000000,0,\xFF,\0
2.486750040000000,0,\xFF,\0
2.486753660000000,0,\xFF,\0
2.486757300000000,0,\xFF,\0
2.486760920000000,0,\xFF,\0
2.486764560000000,0,\xFF,\0
2.486768180000000,0,\xFF,\0
2.486771820000000,0,\xFF,\0
2.486775440000000,0,\xFF,\0
2.486779080000000,0,\xFF,\0
2.486782700000000,0,\xFF,\0
2.486786320000000,0,\xFF,\0
2.486789960000000,0,\xFF,\0
2.486793580000000,0,\xFF,\0
2.486797220000000,0,\xFF,\0
2.486800840000000,0,\xFF,\0
2.486804480000000,0,\xFF,\0
2.486808100000000,0,\xFF,\0
2.486811720000000,0,\xFF,\0
2.486815360000000,0,\xFF,\0
2.486818980000000,0,\xFF,\0
2.486822620000000,0,\xFF,\0
2.486826240000000,0,\xFF,\0
2.486829880000000,0,\xFF,\x02
2.486833500000000,0,\xFF,\x04
2.486837140000000,0,\xFF,\0
2.486840760000000,0,\xFF,\x06
2.486844380000000,0,\xFF,\n
2.486848020000000,0,\xFF,\xCA
2.486851640000000,0,\xFF,\xCA
2.486855280000000,0,\xFF,\x81
2.486858900000000,0,\xFF,\0
2.486862540000000,0,\xFF,\0
2.486866160000000,0,\xFF,\0
2.486869800000000,0,\xFF,\x7F
2.486873420000000,0,\xFF,\xAF
2.486877040000000,0,\xFF,;
2.486880680000000,0,\xFF,\0
2.486884300000000,0,\xFF,\0
2.486887940000000,0,\xFF,\0
2.486891560000000,0,\xFF,\0
2.486895200000000,0,\xFF,\0
2.486898820000000,0,\xFF,\0
2.486902440000000,0,\xFF,\0
2.486906080000000,0,\xFF,\0
2.486909700000000,0,\xFF,\0
2.486913340000000,0,\xFF,\0
2.486916960000000,0,\xFF,\0
2.486920600000000,0,\xFF,\0
2.486924220000000,0,\xFF,\0
2.486927860000000,0,\xFF,\0
2.486931480000000,0,\xFF,\0
2.486935100000000,0,\xFF,\0
2.486938740000000,0,\xFF,\0
2.486942360000000,0,\xFF,\0
2.486946000000000,0,\xFF,\0
2.486949620000000,0,\xFF,\0
2.486953260000000,0,\xFF,\0
2.486956880000000,0,\xFF,\0
2.486960520000000,0,\xFF,\0
2.486964140000000,0,\xFF,\0
2.486967760000000,0,\xFF,\0
2.486971400000000,0,\xFF,\0
2.486975020000000,0,\xFF,\0
2.486978660000000,0,\xFF,\0
2.486982280000000,0,\xFF,\0
2.486985920000000,0,\xFF,\0
2.486989540000000,0,\xFF,\0
2.486993160000000,0,\xFF,\0
2.486996800000000,0,\xFF,\0
2.487005240000000,0,\xFF,\0
2.487008880000000,0,\xFF,\0
2.487012500000000,0,\xFF,\0
2.487016140000000,0,\xFF,\0
2.487019760000000,0,\xFF,\0
2.487023380000000,0,\xFF,\0
2.487027020000000,0,\xFF,\0
2.487030640000000,0,\xFF,\0
2.487034280000000,0,\xFF,\0
2.487037900000000,0,\xFF,\0
2.487041540000000,0,\xFF,\0
2.487045160000000,0,\xFF,\0
2.487048780000000,0,\xFF,\0
2.487052420000000,0,\xFF,\0
2.487056040000000,0,\xFF,\0
2.487059680000000,0,\xFF,\0
2.487063300000000,0,\xFF,U
2.487066940000000,0,\xFF,\xAA
2.487072560000000,0,\xFF,\
2.487076700000000,0,\xFF,\xD8
2.487114100000000,0,\xFF,\xFF
2.487118240000000,0,Q,\xFF
2.487140020000000,0,\0,\xFF
2.487150780000000,0,\x01,\xFF
2.487158020000000,0,\x02,\xFF
2.487161780000000,0,\0,\xFF
2.487165480000000,0,\xFF,\xFF
2.487168660000000,0,\xFF,\xFF
2.487172360000000,0,\xFF,\0
2.487178620000000,0,\xFF,\xFF
2.487183560000000,0,\xFF,\xFF
2.487188500000000,0,\xFF,\xFF
2.487193440000000,0,\xFF,\xFF
2.487198380000000,0,\xFF,\xFF
2.487203320000000,0,\xFF,\xFF
2.487208260000000,0,\xFF,\xFF
2.487213220000000,0,\xFF,\xFF
2.487218160000000,0,\xFF,\xFF
2.487223100000000,0,\xFF,\xFF
2.487228040000000,0,\xFF,\xFF
2.487232980000000,0,\xFF,\xFF
2.487237920000000,0,\xFF,\xFF
2.487242860000000,0,\xFF,\xFF
2.487247820000000,0,\xFF,\xFF
2.487252760000000,0,\xFF,\xFF
2.487257700000000,0,\xFF,\xFF
2.487262640000000,0,\xFF,\xFF
2.487267580000000,0,\xFF,\xFF
2.487272520000000,0,\xFF,\xFF
2.487277460000000,0,\xFF,\xFF
2.487282400000000,0,\xFF,\xFF
2.487287360000000,0,\xFF,\xFF
2.487292300000000,0,\xFF,\xFF
2.487297240000000,0,\xFF,\xFF
2.487302180000000,0,\xFF,\xFF
2.487307120000000,0,\xFF,\xFF
2.487312060000000,0,\xFF,\xFF
2.487317000000000,0,\xFF,\xFF
2.487321960000000,0,\xFF,\xFF
2.487326900000000,0,\xFF,\xFF
2.487331840000000,0,\xFF,\xFF
2.487336780000000,0,\xFF,\xFF
2.487341720000000,0,\xFF,\xFF
2.487346660000000,0,\xFF,\xFF
2.487351600000000,0,\xFF,\xFF
2.487356540000000,0,\xFF,\xFF
2.487361500000000,0,\xFF,\xFF
2.487366440000000,0,\xFF,\xFF
2.487371380000000,0,\xFF,\xFF
2.487376320000000,0,\xFF,\xFF
2.487381260000000,0,\xFF,\xFF
2.487386200000000,0,\xFF,\xFF
2.487391140000000,0,\xFF,\xFF
2.487396080000000,0,\xFF,\xFF
2.487401040000000,0,\xFF,\xFF
2.487405980000000,0,\xFF,\xFF
2.487410920000000,0,\xFF,\xFF
2.487415860000000,0,\xFF,\xFF
2.487420800000000,0,\xFF,\xFF
2.487425740000000,0,\xFF,\xFF
2.487430680000000,0,\xFF,\xFF
2.487435640000000,0,\xFF,\xFF
2.487440580000000,0,\xFF,\xFF
2.487445520000000,0,\xFF,\xFF
2.487450460000000,0,\xFF,\xFF
2.487455400000000,0,\xFF,\xFF
2.487460340000000,0,\xFF,\xFF
2.487465280000000,0,\xFF,\xFF
2.487470220000000,0,\xFF,\xFF
2.487475180000000,0,\xFF,\xFF
2.487480120000000,0,\xFF,\xFF
2.487485060000000,0,\xFF,\xFF
2.487490000000000,0,\xFF,\xFF
2.487494940000000,0,\xFF,\xFF
2.487499880000000,0,\xFF,\xFF
2.487504820000000,0,\xFF,\xFF
2.487509780000000,0,\xFF,\xFF
2.487514720000000,0,\xFF,\xFF
2.487519660000000,0,\xFF,\xFF
2.487524600000000,0,\xFF,\xFF
2.487529540000000,0,\xFF,\xFF
2.487534480000000,0,\xFF,\xFF
2.487539420000000,0,\xFF,\xFF
2.487544360000000,0,\xFF,\xFF
2.487549320000000,0,\xFF,\xFF
2.487554260000000,0,\xFF,\xFF
2.487559200000000,0,\xFF,\xFF
2.487564140000000,0,\xFF,\xFF
2.487569080000000,0,\xFF,\xFF
2.487574020000000,0,\xFF,\xFF
2.487578960000000,0,\xFF,\xFF
2.487583920000000,0,\xFF,\xFF
2.487588860000000,0,\xFF,\xFF
2.487593800000000,0,\xFF,\xFF
2.487598740000000,0,\xFF,\xFF
2.487603680000000,0,\xFF,\xFF
2.487608620000000,0,\xFF,\xFF
2.487613560000000,0,\xFF,\xFF
2.487618500000000,0,\xFF,\xFF
2.487623460000000,0,\xFF,\xFF
2.487628400000000,0,\xFF,\xFF
2.487633340000000,0,\xFF,\xFF
2.487638280000000,0,\xFF,\xFF
2.487643220000000,0,\xFF,\xFF
2.487648160000000,0,\xFF,\xFF
2.487653100000000,0,\xFF,\xFF
2.487658060000000,0,\xFF,\xFF
2.487663000000000,0,\xFF,\xFF
2.487667940000000,0,\xFF,\xFF
2.487672880000000,0,\xFF,\xFF
2.487677820000000,0,\xFF,\xFF
2.487682760000000,0,\xFF,\xFF
2.487687700000000,0,\xFF,\xFF
2.487692640000000,0,\xFF,\xFF
2.487697600000000,0,\xFF,\xFF
2.487702540000000,0,\xFF,\xFF
2.487707480000000,0,\xFF,\xFF
2.487712420000000,0,\xFF,\xFF
2.487717360000000,0,\xFF,\xFF
2.487722300000000,0,\xFF,\xFF
2.487727240000000,0,\xFF,\xFF
2.487732200000000,0,\xFF,\xFF
2.487737140000000,0,\xFF,\xFF
2.487742080000000,0,\xFF,\xFF
2.487747020000000,0,\xFF,\xFF
2.487751960000000,0,\xFF,\xFF
2.487756900000000,0,\xFF,\xFE
2.487761600000000,0,\xFF,\xEB
2.487765220000000,0,\xFF,<
2.487768860000000,0,\xFF,\x90
2.487772480000000,0,\xFF,M
2.487776120000000,0,\xFF,S
2.487779740000000,0,\xFF,D
2.487783360000000,0,\xFF,O
2.487787000000000,0,\xFF,S
2.487790620000000,0,\xFF,5
2.487794260000000,0,\xFF,.
2.487797880000000,0,\xFF,0
2.487801520000000,0,\xFF,\0
2.487805140000000,0,\xFF,\x02
2.487808780000000,0,\xFF,@
2.487812400000000,0,\xFF,\x02
2.487816020000000,0,\xFF,\0
2.487819660000000,0,\xFF,\x02
2.487823280000000,0,\xFF,\0
2.487826920000000,0,\xFF,\x02
2.487830540000000,0,\xFF,\0
2.487834180000000,0,\xFF,\0
2.487837800000000,0,\xFF,\xF8
2.487841440000000,0,\xFF,\xEF
2.487845060000000,0,\xFF,\0
2.487848680000000,0,\xFF,?
2.487852320000000,0,\xFF,\0
2.487855940000000,0,\xFF,\xFF
2.487859580000000,0,\xFF,\0
2.487863200000000,0,\xFF,\x81
2.487866840000000,0,\xFF,\0
2.487870460000000,0,\xFF,\0
2.487874080000000,0,\xFF,\0
2.487877720000000,0,\xFF,\x7F
2.487881340000000,0,\xFF,\xAF
2.487884980000000,0,\xFF,;
2.487888600000000,0,\xFF,\0
2.487892240000000,0,\xFF,\x80
2.487895860000000,0,\xFF,\0
2.487899500000000,0,\xFF,)
2.487903120000000,0,\xFF,J
2.487906740000000,0,\xFF,\x04
2.487910380000000,0,\xFF,\xD0
2.487914000000000,0,\xFF,\x06
2.487917640000000,0,\xFF,N
2.487921260000000,0,\xFF,O
2.487924900000000,0,\xFF, 
2.487928520000000,0,\xFF,N
2.487932160000000,0,\xFF,A
2.487935780000000,0,\xFF,M
2.487939400000000,0,\xFF,E
2.487943040000000,0,\xFF, 
2.487946660000000,0,\xFF, 
2.487950300000000,0,\xFF, 
2.487953920000000,0,\xFF, 
2.487957560000000,0,\xFF,F
2.487961180000000,0,\xFF,A
2.487964800000000,0,\xFF,T
2.487968440000000,0,\xFF,1
2.487972060000000,0,\xFF,6
2.487975700000000,0,\xFF, 
2.487979320000000,0,\xFF, 
2.487982960000000,0,\xFF, 
2.487986580000000,0,\xFF,3
2.487990220000000,0,\xFF,\xC9
2.487993840000000,0,\xFF,\x8E
2.487997460000000,0,\xFF,\xD1
2.488001100000000,0,\xFF,\xBC
2.488004720000000,0,\xFF,\xF0
2.488008360000000,0,\xFF,{
2.488011980000000,0,\xFF,\x8E
2.488015620000000,0,\xFF,\xD9
2.488019240000000,0,\xFF,\xB8
2.488028940000000,0,\xFF,\0
2.488032560000000,0,\xFF, 
2.488036200000000,0,\xFF,\x8E
2.488039820000000,0,\xFF,\xC0
2.488043460000000,0,\xFF,\xFC
2.488047080000000,0,\xFF,\xBD
2.488050720000000,0,\xFF,\0
2.488054340000000,0,\xFF,|
2.488057960000000,0,\xFF,8
2.488061600000000,0,\xFF,N
2.488065220000000,0,\xFF,$
2.488068860000000,0,\xFF,}
2.488072480000000,0,\xFF,$
2.488076120000000,0,\xFF,\x8B
2.488079740000000,0,\xFF,\xC1
2.488083380000000,0,\xFF,\x99
2.488087000000000,0,\xFF,\xE8
2.488090620000000,0,\xFF,<
2.488094260000000,0,\xFF,\x01
2.488097880000000,0,\xFF,r
2.488101520000000,0,\xFF,\x1C
2.488105140000000,0,\xFF,\x83
2.488108780000000,0,\xFF,\xEB
2.488112400000000,0,\xFF,:
2.488116040000000,0,\xFF,f
2.488119660000000,0,\xFF,\xA1
2.488123280000000,0,\xFF,\x1C
2.488126920000000,0,\xFF,|
2.488130540000000,0,\xFF,&
2.488134180000000,0,\xFF,f
2.488137800000000,0,\xFF,;
2.488141440000000,0,\xFF,\x07
2.488145060000000,0,\xFF,&
2.488148680000000,0,\xFF,\x8A
2.488152320000000,0,\xFF,W
2.488155940000000,0,\xFF,\xFC
2.488159580000000,0,\xFF,u
2.488163200000000,0,\xFF,\x06
2.488174660000000,0,\xFF,\x80
2.488178280000000,0,\xFF,\xCA
2.488181920000000,0,\xFF,\x02
2.488185540000000,0,\xFF,\x88
2.488189160000000,0,\xFF,V
2.488192800000000,0,\xFF,\x02
2.488196420000000,0,\xFF,\x80
2.488200060000000,0,\xFF,\xC3
2.488203680000000,0,\xFF,\x10
2.488207320000000,0,\xFF,s
2.488210940000000,0,\xFF,\xEB
2.488214580000000,0,\xFF,3
2.488218200000000,0,\xFF,\xC9
2.488221820000000,0,\xFF,\x8A
2.488225460000000,0,\xFF,F
2.488229080000000,0,\xFF,\x10
2.488232720000000,0,\xFF,\x98
2.488236340000000,0,\xFF,\xF7
2.488239980000000,0,\xFF,f
2.488243600000000,0,\xFF,\x16
2.488247220000000,0,\xFF,\x03
2.488250860000000,0,\xFF,F
2.488254480000000,0,\xFF,\x1C
2.488258120000000,0,\xFF,\x13
2.488261740000000,0,\xFF,V
2.488265380000000,0,\xFF,\x1E
2.488269000000000,0,\xFF,\x03
2.488272640000000,0,\xFF,F
2.488276260000000,0,\xFF,\x0E
2.488279880000000,0,\xFF,\x13
2.488283520000000,0,\xFF,\xD1
2.488287140000000,0,\xFF,\x8B
2.488290780000000,0,\xFF,v
2.488294400000000,0,\xFF,\x11
2.488298040000000,0,\xFF,`
2.488301660000000,0,\xFF,\x89
2.488305300000000,0,\xFF,F
2.488308920000000,0,\xFF,\xFC
2.488312540000000,0,\xFF,\x89
2.488316180000000,0,\xFF,V
2.488319800000000,0,\xFF,\xFE
2.488323440000000,0,\xFF,\xB8
2.488327060000000,0,\xFF, 
2.488330700000000,0,\xFF,\0
2.488334320000000,0,\xFF,\xF7
2.488337940000000,0,\xFF,\xE6
2.488341580000000,0,\xFF,\x8B
2.488345200000000,0,\xFF,^
2.488348840000000,0,\xFF,\x0B
2.488352460000000,0,\xFF,\x03
2.488356100000000,0,\xFF,\xC3
2.488359720000000,0,\xFF,H
2.488363360000000,0,\xFF,\xF7
2.488366980000000,0,\xFF,\xF3
2.488370600000000,0,\xFF,\x01
2.488374240000000,0,\xFF,F
2.488377860000000,0,\xFF,\xFC
2.488381500000000,0,\xFF,\x11
2.488385120000000,0,\xFF,N
2.488388760000000,0,\xFF,\xFE
2.488392380000000,0,\xFF,a
2.488396020000000,0,\xFF,\xBF
2.488399640000000,0,\xFF,\0
2.488403260000000,0,\xFF,\0
2.488406900000000,0,\xFF,\xE8
2.488410520000000,0,\xFF,\xE6
2.488414160000000,0,\xFF,\0
2.488417780000000,0,\xFF,r
2.488421420000000,0,\xFF,9
2.488425040000000,0,\xFF,&
2.488428660000000,0,\xFF,8
2.488432300000000,0,\xFF,-
2.488435920000000,0,\xFF,t
2.488439560000000,0,\xFF,\x17
2.488443180000000,0,\xFF,`
2.488446820000000,0,\xFF,\xB1
2.488450440000000,0,\xFF,\x0B
2.488454080000000,0,\xFF,\xBE
2.488457700000000,0,\xFF,\xA1
2.488461320000000,0,\xFF,}
2.488464960000000,0,\xFF,\xF3
2.488468580000000,0,\xFF,\xA6
2.488472220000000,0,\xFF,a
2.488475840000000,0,\xFF,t
2.488479480000000,0,\xFF,2
2.488483100000000,0,\xFF,N
2.488486740000000,0,\xFF,t
2.488490360000000,0,\xFF,\t
2.488493980000000,0,\xFF,\x83
2.488497620000000,0,\xFF,\xC7
2.488501240000000,0,\xFF, 
2.488504880000000,0,\xFF,;
2.488508500000000,0,\xFF,\xFB
2.488512140000000,0,\xFF,r
2.488515760000000,0,\xFF,\xE6
2.488519380000000,0,\xFF,\xEB
2.488523020000000,0,\xFF,\xDC
2.488526640000000,0,\xFF,\xA0
2.488530280000000,0,\xFF,\xFB
2.488533900000000,0,\xFF,}
2.488537540000000,0,\xFF,\xB4
2.488541160000000,0,\xFF,}
2.488544800000000,0,\xFF,\x8B
2.488548420000000,0,\xFF,\xF0
2.488552040000000,0,\xFF,\xAC
2.488555680000000,0,\xFF,\x98
2.488559300000000,0,\xFF,@
2.488562940000000,0,\xFF,t
2.488566560000000,0,\xFF,\x0C
2.488570200000000,0,\xFF,H
2.488573820000000,0,\xFF,t
2.488577460000000,0,\xFF,\x13
2.488581080000000,0,\xFF,\xB4
2.488584700000000,0,\xFF,\x0E
2.488588340000000,0,\xFF,\xBB
2.488591960000000,0,\xFF,\x07
2.488595600000000,0,\xFF,\0
2.488599220000000,0,\xFF,\xCD
2.488602860000000,0,\xFF,\x10
2.488606480000000,0,\xFF,\xEB
2.488610100000000,0,\xFF,\xEF
2.488613740000000,0,\xFF,\xA0
2.488617360000000,0,\xFF,\xFD
2.488621000000000,0,\xFF,}
2.488624620000000,0,\xFF,\xEB
2.488628260000000,0,\xFF,\xE6
2.488631880000000,0,\xFF,\xA0
2.488635520000000,0,\xFF,\xFC
2.488639140000000,0,\xFF,}
2.488642760000000,0,\xFF,\xEB
2.488646400000000,0,\xFF,\xE1
2.488650020000000,0,\xFF,\xCD
2.488653660000000,0,\xFF,\x16
2.488657280000000,0,\xFF,\xCD
2.488660920000000,0,\xFF,\x19
2.488664540000000,0,\xFF,&
2.488668180000000,0,\xFF,\x8B
2.488671800000000,0,\xFF,U
2.488675420000000,0,\xFF,\x1A
2.488679060000000,0,\xFF,R
2.488682680000000,0,\xFF,\xB0
2.488686320000000,0,\xFF,\x01
2.488689940000000,0,\xFF,\xBB
2.488693580000000,0,\xFF,\0
2.488697200000000,0,\xFF,\0
2.488700820000000,0,\xFF,\xE8
2.488704460000000,0,\xFF,;
2.488708080000000,0,\xFF,\0
2.488711720000000,0,\xFF,r
2.488715340000000,0,\xFF,\xE8
2.488718980000000,0,\xFF,[
2.488722600000000,0,\xFF,\x8A
2.488726240000000,0,\xFF,V
2.488729860000000,0,\xFF,$
2.488733480000000,0,\xFF,\xBE
2.488737120000000,0,\xFF,\x0B
2.488740740000000,0,\xFF,|
2.488744380000000,0,\xFF,\x8B
2.488748000000000,0,\xFF,\xFC
2.488751640000000,0,\xFF,\xC7
2.488755260000000,0,\xFF,F
2.488758880000000,0,\xFF,\xF0
2.488762520000000,0,\xFF,=
2.488766140000000,0,\xFF,}
2.488769780000000,0,\xFF,\xC7
2.488773400000000,0,\xFF,F
2.488777040000000,0,\xFF,\xF4
2.488780660000000,0,\xFF,)
2.488784300000000,0,\xFF,}
2.488787920000000,0,\xFF,\x8C
2.488791540000000,0,\xFF,\xD9
2.488795180000000,0,\xFF,\x89
2.488798800000000,0,\xFF,N
2.488802440000000,0,\xFF,\xF2
2.488806060000000,0,\xFF,\x89
2.488809700000000,0,\xFF,N
2.488813320000000,0,\xFF,\xF6
2.488816960000000,0,\xFF,\xC6
2.488820580000000,0,\xFF,\x06
2.488824200000000,0,\xFF,\x96
2.488827840000000,0,\xFF,}
2.488831460000000,0,\xFF,\xCB
2.488835100000000,0,\xFF,\xEA
2.488838720000000,0,\xFF,\x03
2.488842360000000,0,\xFF,\0
2.488845980000000,0,\xFF,\0
2.488849620000000,0,\xFF, 
2.488853240000000,0,\xFF,\x0F
2.488856860000000,0,\xFF,\xB6
2.488860500000000,0,\xFF,\xC8
2.488864120000000,0,\xFF,f
2.488867760000000,0,\xFF,\x8B
2.488871380000000,0,\xFF,F
2.488875020000000,0,\xFF,\xF8
2.488878640000000,0,\xFF,f
2.488882260000000,0,\xFF,\x03
2.488885900000000,0,\xFF,F
2.488889520000000,0,\xFF,\x1C
2.488893160000000,0,\xFF,f
2.488896780000000,0,\xFF,\x8B
2.488900420000000,0,\xFF,\xD0
2.488904040000000,0,\xFF,f
2.488907680000000,0,\xFF,\xC1
2.488911300000000,0,\xFF,\xEA
2.488914920000000,0,\xFF,\x10
2.488918560000000,0,\xFF,\xEB
2.488922180000000,0,\xFF,^
2.488925820000000,0,\xFF,\x0F
2.488929440000000,0,\xFF,\xB6
2.488933080000000,0,\xFF,\xC8
2.488936700000000,0,\xFF,J
2.488940320000000,0,\xFF,J
2.488943960000000,0,\xFF,\x8A
2.488947580000000,0,\xFF,F
2.488951220000000,0,\xFF,\r
2.488954840000000,0,\xFF,2
2.488958480000000,0,\xFF,\xE4
2.488962100000000,0,\xFF,\xF7
2.488965740000000,0,\xFF,\xE2
2.488969360000000,0,\xFF,\x03
2.488972980000000,0,\xFF,F
2.488976620000000,0,\xFF,\xFC
2.488980240000000,0,\xFF,\x13
2.488983880000000,0,\xFF,V
2.488987500000000,0,\xFF,\xFE
2.488991140000000,0,\xFF,\xEB
2.488994760000000,0,\xFF,J
2.488998400000000,0,\xFF,R
2.489002020000000,0,\xFF,P
2.489005640000000,0,\xFF,\x06
2.489009280000000,0,\xFF,S
2.489012900000000,0,\xFF,j
2.489016540000000,0,\xFF,\x01
2.489020160000000,0,\xFF,j
2.489023800000000,0,\xFF,\x10
2.489027420000000,0,\xFF,\x91
2.489031040000000,0,\xFF,\x8B
2.489034680000000,0,\xFF,F
2.489038300000000,0,\xFF,\x18
2.489041940000000,0,\xFF,\x96
2.489045560000000,0,\xFF,\x92
2.489055260000000,0,\xFF,3
2.489058900000000,0,\xFF,\xD2
2.489062520000000,0,\xFF,\xF7
2.489066140000000,0,\xFF,\xF6
2.489069780000000,0,\xFF,\x91
2.489073400000000,0,\xFF,\xF7
2.489077040000000,0,\xFF,\xF6
2.489080660000000,0,\xFF,B
2.489084300000000,0,\xFF,\x87
2.489087920000000,0,\xFF,\xCA
2.489091560000000,0,\xFF,\xF7
2.489095180000000,0,\xFF,v
2.489098800000000,0,\xFF,\x1A
2.489102440000000,0,\xFF,\x8A
2.489106060000000,0,\xFF,\xF2
2.489109700000000,0,\xFF,\x8A
2.489113320000000,0,\xFF,\xE8
2.489116960000000,0,\xFF,\xC0
2.489120580000000,0,\xFF,\xCC
2.489124200000000,0,\xFF,\x02
2.489127840000000,0,\xFF,\n
2.489131460000000,0,\xFF,\xCC
2.489135100000000,0,\xFF,\xB8
2.489138720000000,0,\xFF,\x01
2.489142360000000,0,\xFF,\x02
2.489145980000000,0,\xFF,\x80
2.489149620000000,0,\xFF,~
2.489153240000000,0,\xFF,\x02
2.489156860000000,0,\xFF,\x0E
2.489160500000000,0,\xFF,u
2.489164120000000,0,\xFF,\x04
2.489167760000000,0,\xFF,\xB4
2.489171380000000,0,\xFF,B
2.489175020000000,0,\xFF,\x8B
2.489178640000000,0,\xFF,\xF4
2.489182280000000,0,\xFF,\x8A
2.489185900000000,0,\xFF,V
2.489189520000000,0,\xFF,$
2.489193160000000,0,\xFF,\xCD
2.489196780000000,0,\xFF,\x13
2.489200420000000,0,\xFF,a
2.489204040000000,0,\xFF,a
2.489207680000000,0,\xFF,r
2.489217360000000,0,\xFF,\x0B
2.489221000000000,0,\xFF,@
2.489224620000000,0,\xFF,u
2.489228260000000,0,\xFF,\x01
2.489231880000000,0,\xFF,B
2.489235520000000,0,\xFF,\x03
2.489239140000000,0,\xFF,^
2.489242780000000,0,\xFF,\x0B
2.489246400000000,0,\xFF,I
2.489250020000000,0,\xFF,u
2.489253660000000,0,\xFF,\x06
2.489257280000000,0,\xFF,\xF8
2.489260920000000,0,\xFF,\xC3
2.489264540000000,0,\xFF,A
2.489268180000000,0,\xFF,\xBB
2.489271800000000,0,\xFF,\0
2.489275440000000,0,\xFF,\0
2.489279060000000,0,\xFF,`
2.489282680000000,0,\xFF,f
2.489286320000000,0,\xFF,j
2.489289940000000,0,\xFF,\0
2.489293580000000,0,\xFF,\xEB
2.489297200000000,0,\xFF,\xB0
2.489300840000000,0,\xFF,B
2.489304460000000,0,\xFF,O
2.489308080000000,0,\xFF,O
2.489311720000000,0,\xFF,T
2.489315340000000,0,\xFF,M
2.489318980000000,0,\xFF,G
2.489322600000000,0,\xFF,R
2.489326240000000,0,\xFF, 
2.489329860000000,0,\xFF, 
2.489333500000000,0,\xFF, 
2.489337120000000,0,\xFF, 
2.489340740000000,0,\xFF,\r
2.489344380000000,0,\xFF,\n
2.489348000000000,0,\xFF,R
2.489351640000000,0,\xFF,e
2.489355260000000,0,\xFF,m
2.489358900000000,0,\xFF,o
2.489362520000000,0,\xFF,v
2.489366160000000,0,\xFF,e
2.489369780000000,0,\xFF, 
2.489373400000000,0,\xFF,d
2.489377040000000,0,\xFF,i
2.489380660000000,0,\xFF,s
2.489384300000000,0,\xFF,k
2.489387920000000,0,\xFF,s
2.489391560000000,0,\xFF, 
2.489395180000000,0,\xFF,o
2.489398800000000,0,\xFF,r
2.489402440000000,0,\xFF, 
2.489406060000000,0,\xFF,o
2.489409700000000,0,\xFF,t
2.489413320000000,0,\xFF,h
2.489416960000000,0,\xFF,e
2.489420580000000,0,\xFF,r
2.489424220000000,0,\xFF, 
2.489427840000000,0,\xFF,m
2.489431460000000,0,\xFF,e
2.489435100000000,0,\xFF,d
2.489438720000000,0,\xFF,i
2.489442360000000,0,\xFF,a
2.489445980000000,0,\xFF,.
2.489449620000000,0,\xFF,\xFF
2.489453240000000,0,\xFF,\r
2.489456880000000,0,\xFF,\n
2.489460500000000,0,\xFF,D
2.489464120000000,0,\xFF,i
2.489467760000000,0,\xFF,s
2.489471380000000,0,\xFF,k
2.489475020000000,0,\xFF, 
2.489478640000000,0,\xFF,e
2.489482280000000,0,\xFF,r
2.489485900000000,0,\xFF,r
2.489489520000000,0,\xFF,o
2.489493160000000,0,\xFF,r
2.489496780000000,0,\xFF,\xFF
2.489500420000000,0,\xFF,\r
2.489504040000000,0,\xFF,\n
2.489507680000000,0,\xFF,P
2.489511300000000,0,\xFF,r
2.489514940000000,0,\xFF,e
2.489518560000000,0,\xFF,s
2.489522180000000,0,\xFF,s
2.489525820000000,0,\xFF, 
2.489529440000000,0,\xFF,a
2.489533080000000,0,\xFF,n
2.489536700000000,0,\xFF,y
2.489540340000000,0,\xFF, 
2.489543960000000,0,\xFF,k
2.489547580000000,0,\xFF,e
2.489551220000000,0,\xFF,y
2.489554840000000,0,\xFF, 
2.489558480000000,0,\xFF,t
2.489562100000000,0,\xFF,o
2.489565740000000,0,\xFF, 
2.489569360000000,0,\xFF,r
2.489573000000000,0,\xFF,e
2.489576620000000,0,\xFF,s
2.489580240000000,0,\xFF,t
2.489583880000000,0,\xFF,a
2.489587500000000,0,\xFF,r
2.489591140000000,0,\xFF,t
2.489594760000000,0,\xFF,\r
2.489598400000000,0,\xFF,\n
2.489602020000000,0,\xFF,\0
2.489605660000000,0,\xFF,\0
2.489609280000000,0,\xFF,\0
2.489612900000000,0,\xFF,\0
2.489616540000000,0,\xFF,\0
2.489620160000000,0,\xFF,\0
2.489623800000000,0,\xFF,\0
2.489627420000000,0,\xFF,\xAC
2.489631060000000,0,\xFF,\xCB
2.489634680000000,0,\xFF,\xD8
2.489638320000000,0,\xFF,U
2.489641940000000,0,\xFF,\xAA
2.489647560000000,0,\xFF,\x16
2.489651700000000,0,\xFF,\x02
2.490001260000000,0,\xFF,\xFF
2.490005380000000,0,Q,\xFF
2.490019340000000,0,\0,\xFF
2.490030100000000,0,\x04,\xFF
2.490037360000000,0,\xC2,\xFF
2.490041100000000,0,\0,\xFF
2.490044800000000,0,\xFF,\xFF
2.490047980000000,0,\xFF,\xFF
2.490051680000000,0,\xFF,\0
2.490057940000000,0,\xFF,\xFF
2.490062880000000,0,\xFF,\xFF
2.490067820000000,0,\xFF,\xFF
2.490072760000000,0,\xFF,\xFF
2.490081780000000,0,\xFF,\xFF
2.490086720000000,0,\xFF,\xFF
2.490091660000000,0,\xFF,\xFF
2.490096600000000,0,\xFF,\xFF
2.490101540000000,0,\xFF,\xFF
2.490106480000000,0,\xFF,\xFF
2.490111420000000,0,\xFF,\xFF
2.490116380000000,0,\xFF,\xFF
2.490121320000000,0,\xFF,\xFF
2.490126260000000,0,\xFF,\xFF
2.490131200000000,0,\xFF,\xFF
2.490136140000000,0,\xFF,\xFF
2.490141080000000,0,\xFF,\xFF
2.490146020000000,0,\xFF,\xFF
2.490150960000000,0,\xFF,\xFF
2.490155920000000,0,\xFF,\xFF
2.490160860000000,0,\xFF,\xFF
2.490165800000000,0,\xFF,\xFF
2.490170740000000,0,\xFF,\xFF
2.490175680000000,0,\xFF,\xFF
2.490180620000000,0,\xFF,\xFF
2.490185560000000,0,\xFF,\xFF
2.490190520000000,0,\xFF,\xFF
2.490195460000000,0,\xFF,\xFF
2.490200400000000,0,\xFF,\xFF
2.490205340000000,0,\xFF,\xFF
2.490210280000000,0,\xFF,\xFF
2.490215220000000,0,\xFF,\xFF
2.490220160000000,0,\xFF,\xFF
2.490225100000000,0,\xFF,\xFF
2.490230060000000,0,\xFF,\xFF
2.490235000000000,0,\xFF,\xFF
2.490239940000000,0,\xFF,\xFF
2.490244880000000,0,\xFF,\xFF
2.490257640000000,0,\xFF,\xFF
2.490262580000000,0,\xFF,\xFF
2.490267520000000,0,\xFF,\xFF
2.490272480000000,0,\xFF,\xFF
2.490277420000000,0,\xFF,\xFF
2.490282360000000,0,\xFF,\xFF
2.490287300000000,0,\xFF,\xFF
2.490292240000000,0,\xFF,\xFF
2.490297180000000,0,\xFF,\xFF
2.490302120000000,0,\xFF,\xFF
2.490307080000000,0,\xFF,\xFF
2.490312020000000,0,\xFF,\xFF
2.490316960000000,0,\xFF,\xFF
2.490321900000000,0,\xFF,\xFF
2.490326840000000,0,\xFF,\xFF
2.490331780000000,0,\xFF,\xFF
2.490336720000000,0,\xFF,\xFF
2.490341660000000,0,\xFF,\xFF
2.490346620000000,0,\xFF,\xFF
2.490351560000000,0,\xFF,\xFF
2.490356500000000,0,\xFF,\xFF
2.490361440000000,0,\xFF,\xFF
2.490366380000000,0,\xFF,\xFF
2.490371320000000,0,\xFF,\xFF
2.490376260000000,0,\xFF,\xFF
2.490381200000000,0,\xFF,\xFF
2.490386160000000,0,\xFF,\xFF
2.490391100000000,0,\xFF,\xFF
2.490396040000000,0,\xFF,\xFF
2.490400980000000,0,\xFF,\xFF
2.490405920000000,0,\xFF,\xFF
2.490410860000000,0,\xFF,\xFF
2.490415800000000,0,\xFF,\xFF
2.490420760000000,0,\xFF,\xFF
2.490425700000000,0,\xFF,\xFF
2.490430640000000,0,\xFF,\xFF
2.490435580000000,0,\xFF,\xFF
2.490440520000000,0,\xFF,\xFF
2.490445460000000,0,\xFF,\xFF
2.490450400000000,0,\xFF,\xFF
2.490455340000000,0,\xFF,\xFF
2.490460300000000,0,\xFF,\xFF
2.490465240000000,0,\xFF,\xFF
2.490470180000000,0,\xFF,\xFF
2.490475120000000,0,\xFF,\xFF
2.490480060000000,0,\xFF,\xFF
2.490485000000000,0,\xFF,\xFF
2.490489940000000,0,\xFF,\xFF
2.490494900000000,0,\xFF,\xFF
2.490499840000000,0,\xFF,\xFF
2.490504780000000,0,\xFF,\xFF
2.490509720000000,0,\xFF,\xFF
2.490514660000000,0,\xFF,\xFF
2.490519600000000,0,\xFF,\xFF
2.490524540000000,0,\xFF,\xFF
2.490529480000000,0,\xFF,\xFF
2.490534440000000,0,\xFF,\xFF
2.490539380000000,0,\xFF,\xFF
2.490544320000000,0,\xFF,\xFF
2.490549260000000,0,\xFF,\xFF
2.490554200000000,0,\xFF,\xFF
2.490559140000000,0,\xFF,\xFF
2.490564080000000,0,\xFF,\xFF
2.490569040000000,0,\xFF,\xFF
2.490573980000000,0,\xFF,\xFF
2.490578920000000,0,\xFF,\xFF
2.490583860000000,0,\xFF,\xFF
2.490588800000000,0,\xFF,\xFF
2.490593740000000,0,\xFF,\xFF
2.490598680000000,0,\xFF,\xFF
2.490603620000000,0,\xFF,\xFF
2.490608580000000,0,\xFF,\xFF
2.490613520000000,0,\xFF,\xFF
2.490618460000000,0,\xFF,\xFF
2.490623400000000,0,\xFF,\xFF
2.490628340000000,0,\xFF,\xFF
2.490633280000000,0,\xFF,\xFF
2.490638220000000,0,\xFF,\xFF
2.490643180000000,0,\xFF,\xFF
2.490648120000000,0,\xFF,\xFF
2.490653060000000,0,\xFF,\xFF
2.490658000000000,0,\xFF,\xFF
2.490662940000000,0,\xFF,\xFF
2.490667880000000,0,\xFF,\xFF
2.490672820000000,0,\xFF,\xFF
2.490677780000000,0,\xFF,\xFF
2.490682720000000,0,\xFF,\xFF
2.490687660000000,0,\xFF,\xFF
2.490692600000000,0,\xFF,\xFF
2.490697540000000,0,\xFF,\xFF
2.490702480000000,0,\xFF,\xFF
2.490707420000000,0,\xFF,\xFF
2.490712360000000,0,\xFF,\xFF
2.490717320000000,0,\xFF,\xFF
2.490722260000000,0,\xFF,\xFF
2.490727200000000,0,\xFF,\xFF
2.490732140000000,0,\xFF,\xFF
2.490737080000000,0,\xFF,\xFF
2.490742020000000,0,\xFF,\xFF
2.490746960000000,0,\xFF,\xFF
2.490751920000000,0,\xFF,\xFE
2.490756600000000,0,\xFF,0
2.490760240000000,0,\xFF,1
2.490763860000000,0,\xFF, 
2.490767480000000,0,\xFF, 
2.490771120000000,0,\xFF, 
2.490774740000000,0,\xFF, 
2.490778380000000,0,\xFF, 
2.490782000000000,0,\xFF, 
2.490785640000000,0,\xFF,T
2.490789260000000,0,\xFF,X
2.490792900000000,0,\xFF,T
2.490796520000000,0,\xFF, 
2.490800140000000,0,\xFF,\x10
2.490803780000000,0,\xFF,C
2.490807400000000,0,\xFF,\xF5
2.490811040000000,0,\xFF,\x92
2.490814660000000,0,\xFF,s
2.490818300000000,0,\xFF,P
2.490821920000000,0,\xFF,x
2.490825540000000,0,\xFF,P
2.490829180000000,0,\xFF,\0
2.490832800000000,0,\xFF,\0
2.490836440000000,0,\xFF,\x02
2.490840060000000,0,\xFF,\x97
2.490843700000000,0,\xFF,w
2.490847320000000,0,\xFF,P
2.490850960000000,0,\xFF,%
2.490854580000000,0,\xFF,\0
2.490858200000000,0,\xFF,s
2.490861840000000,0,\xFF,\0
2.490865460000000,0,\xFF,\0
2.490869100000000,0,\xFF,\0
2.490872720000000,0,\xFF,D
2.490876360000000,0,\xFF,A
2.490879980000000,0,\xFF,T
2.490883620000000,0,\xFF,A
2.490887240000000,0,\xFF,L
2.490890860000000,0,\xFF,O
2.490894500000000,0,\xFF,G
2.490898120000000,0,\xFF, 
2.490901760000000,0,\xFF,T
2.490905380000000,0,\xFF,X
2.490909020000000,0,\xFF,T
2.490912640000000,0,\xFF,\0
2.490916260000000,0,\xFF,\0
2.490919900000000,0,\xFF,\0
2.490923520000000,0,\xFF,\0
2.490927160000000,0,\xFF,\x08
2.490930780000000,0,\xFF,!
2.490934420000000,0,\xFF,(
2.490938040000000,0,\xFF,!
2.490941680000000,0,\xFF,(
2.490945300000000,0,\xFF,\0
2.490948920000000,0,\xFF,\0
2.490952560000000,0,\xFF,\0
2.490956180000000,0,\xFF,\x08
2.490959820000000,0,\xFF,!
2.490963440000000,0,\xFF,(
2.490967080000000,0,\xFF,\x07
2.490970700000000,0,\xFF,\0
2.490974340000000,0,\xFF,d
2.490977960000000,0,\xFF,\x19
2.490981580000000,0,\xFF,\0
2.490985220000000,0,\xFF,\0
2.490988840000000,0,\xFF,T
2.490992480000000,0,\xFF,E
2.490996100000000,0,\xFF,S
2.490999740000000,0,\xFF,T
2.491003360000000,0,\xFF, 
2.491006980000000,0,\xFF, 
2.491010620000000,0,\xFF, 
2.491014240000000,0,\xFF, 
2.491017880000000,0,\xFF,T
2.491021500000000,0,\xFF,X
2.491025140000000,0,\xFF,T
2.491028760000000,0,\xFF,\0
2.491032400000000,0,\xFF,\0
2.491036020000000,0,\xFF,\0
2.491039640000000,0,\xFF,\0
2.491043280000000,0,\xFF,\x08
2.491046900000000,0,\xFF,!
2.491050540000000,0,\xFF,(
2.491054160000000,0,\xFF,!
2.491057800000000,0,\xFF,(
2.491061420000000,0,\xFF,\0
2.491065060000000,0,\xFF,\0
2.491068680000000,0,\xFF,\0
2.491072300000000,0,\xFF,\x08
2.491075940000000,0,\xFF,!
2.491079560000000,0,\xFF,(
2.491083200000000,0,\xFF,\x08
2.491086820000000,0,\xFF,\0
2.491090460000000,0,\xFF,^
2.491094080000000,0,\xFF,\0
2.491097700000000,0,\xFF,\0
2.491105660000000,0,\xFF,\0
2.491109280000000,0,\xFF,K
2.491112920000000,0,\xFF,E
2.491116540000000,0,\xFF,Y
2.491120180000000,0,\xFF, 
2.491123800000000,0,\xFF, 
2.491127420000000,0,\xFF, 
2.491131060000000,0,\xFF, 
2.491134680000000,0,\xFF, 
2.491138320000000,0,\xFF,T
2.491141940000000,0,\xFF,X
2.491145580000000,0,\xFF,T
2.491149200000000,0,\xFF,\0
2.491152820000000,0,\xFF,\0
2.491156460000000,0,\xFF,\0
2.491160080000000,0,\xFF,\0
2.491163720000000,0,\xFF,\x08
2.491167340000000,0,\xFF,!
2.491170980000000,0,\xFF,(
2.491174600000000,0,\xFF,!
2.491178240000000,0,\xFF,(
2.491181860000000,0,\xFF,\0
2.491185480000000,0,\xFF,\0
2.491189120000000,0,\xFF,\0
2.491192740000000,0,\xFF,\x08
2.491196380000000,0,\xFF,!
2.491200000000000,0,\xFF,(
2.491203640000000,0,\xFF,\t
2.491207260000000,0,\xFF,\0
2.491210900000000,0,\xFF,\xB6
2.491214520000000,0,\xFF,\0
2.491218140000000,0,\xFF,\0
2.491221780000000,0,\xFF,\0
2.491225400000000,0,\xFF,S
2.491229040000000,0,\xFF,K
2.491232660000000,0,\xFF,E
2.491236300000000,0,\xFF,Y
2.491239920000000,0,\xFF, 
2.491243540000000,0,\xFF, 
2.491247180000000,0,\xFF, 
2.491250800000000,0,\xFF, 
2.491254440000000,0,\xFF,T
2.491258060000000,0,\xFF,X
2.491261700000000,0,\xFF,T
2.491265320000000,0,\xFF,\0
2.491268960000000,0,\xFF,\0
2.491272580000000,0,\xFF,\0
2.491276200000000,0,\xFF,\0
2.491279840000000,0,\xFF,\x08
2.491283460000000,0,\xFF,!
2.491287100000000,0,\xFF,(
2.491298540000000,0,\xFF,!
2.491302180000000,0,\xFF,(
2.491305800000000,0,\xFF,\0
2.491309440000000,0,\xFF,\0
2.491313060000000,0,\xFF,\0
2.491316680000000,0,\xFF,\x08
2.491320320000000,0,\xFF,!
2.491323940000000,0,\xFF,(
2.491327580000000,0,\xFF,\n
2.491331200000000,0,\xFF,\0
2.491334840000000,0,\xFF,j
2.491338460000000,0,\xFF,\0
2.491342080000000,0,\xFF,\0
2.491345720000000,0,\xFF,\0
2.491349340000000,0,\xFF,\xE5
2.491352980000000,0,\xFF,.
2.491356600000000,0,\xFF,\0
2.491360240000000,0,\xFF,_
2.491363860000000,0,\xFF,\0
2.491367500000000,0,\xFF,T
2.491371120000000,0,\xFF,\0
2.491374740000000,0,\xFF,E
2.491378380000000,0,\xFF,\0
2.491382000000000,0,\xFF,S
2.491385640000000,0,\xFF,\0
2.491389260000000,0,\xFF,\x0F
2.491392900000000,0,\xFF,\0
2.491396520000000,0,\xFF,C
2.491400160000000,0,\xFF,T
2.491403780000000,0,\xFF,\0
2.491407400000000,0,\xFF,.
2.491411040000000,0,\xFF,\0
2.491414660000000,0,\xFF,T
2.491418300000000,0,\xFF,\0
2.491421920000000,0,\xFF,X
2.491425560000000,0,\xFF,\0
2.491429180000000,0,\xFF,T
2.491432800000000,0,\xFF,\0
2.491436440000000,0,\xFF,\0
2.491440060000000,0,\xFF,\0
2.491443700000000,0,\xFF,\0
2.491447320000000,0,\xFF,\0
2.491450960000000,0,\xFF,\xFF
2.491454580000000,0,\xFF,\xFF
2.491458220000000,0,\xFF,\xFF
2.491461840000000,0,\xFF,\xFF
2.491465460000000,0,\xFF,\xE5
2.491469100000000,0,\xFF,T
2.491472720000000,0,\xFF,E
2.491476360000000,0,\xFF,S
2.491479980000000,0,\xFF,~
2.491483620000000,0,\xFF,1
2.491487240000000,0,\xFF, 
2.491490880000000,0,\xFF, 
2.491494500000000,0,\xFF,T
2.491498120000000,0,\xFF,X
2.491501760000000,0,\xFF,T
2.491505380000000,0,\xFF,"
2.491509020000000,0,\xFF,\0
2.491512640000000,0,\xFF,m
2.491516280000000,0,\xFF,\x0B
2.491519900000000,0,\xFF,\xA8
2.491523520000000,0,\xFF,r
2.491527160000000,0,\xFF,P
2.491530780000000,0,\xFF,x
2.491534420000000,0,\xFF,P
2.491538040000000,0,\xFF,\0
2.491541680000000,0,\xFF,\0
2.491545300000000,0,\xFF,\x0B
2.491548940000000,0,\xFF,\xA8
2.491552560000000,0,\xFF,r
2.491556180000000,0,\xFF,P
2.491559820000000,0,\xFF,\x07
2.491563440000000,0,\xFF,\0
2.491567080000000,0,\xFF,\0
2.491570700000000,0,\xFF,\x10
2.491574340000000,0,\xFF,\0
2.491577960000000,0,\xFF,\0
2.491581600000000,0,\xFF,A
2.491585220000000,0,\xFF,.
2.491588840000000,0,\xFF,\0
2.491592480000000,0,\xFF,_
2.491596100000000,0,\xFF,\0
2.491599740000000,0,\xFF,0
2.491603360000000,0,\xFF,\0
2.491607000000000,0,\xFF,1
2.491610620000000,0,\xFF,\0
2.491614240000000,0,\xFF,.
2.491617880000000,0,\xFF,\0
2.491621500000000,0,\xFF,\x0F
2.491625140000000,0,\xFF,\0
2.491628760000000,0,\xFF,h
2.491632400000000,0,\xFF,t
2.491636020000000,0,\xFF,\0
2.491639660000000,0,\xFF,x
2.491643280000000,0,\xFF,\0
2.491646900000000,0,\xFF,t
2.491650540000000,0,\xFF,\0
2.491654160000000,0,\xFF,\0
2.491657800000000,0,\xFF,\0
2.491661420000000,0,\xFF,\xFF
2.491665060000000,0,\xFF,\xFF
2.491668680000000,0,\xFF,\xFF
2.491672300000000,0,\xFF,\xFF
2.491675940000000,0,\xFF,\0
2.491679560000000,0,\xFF,\0
2.491683200000000,0,\xFF,\xFF
2.491686820000000,0,\xFF,\xFF
2.491690460000000,0,\xFF,\xFF
2.491694080000000,0,\xFF,\xFF
2.491697720000000,0,\xFF,_
2.491701340000000,0,\xFF,0
2.491704960000000,0,\xFF,~
2.491708600000000,0,\xFF,1
2.491712220000000,0,\xFF, 
2.491715860000000,0,\xFF, 
2.491719480000000,0,\xFF, 
2.491723120000000,0,\xFF, 
2.491726740000000,0,\xFF,T
2.491730380000000,0,\xFF,X
2.491734000000000,0,\xFF,T
2.491737620000000,0,\xFF,"
2.491741260000000,0,\xFF,\0
2.491744880000000,0,\xFF,F
2.491748520000000,0,\xFF,\x06
2.491752140000000,0,\xFF,\x97
2.491755780000000,0,\xFF,w
2.491759400000000,0,\xFF,P
2.491763020000000,0,\xFF,x
2.491766660000000,0,\xFF,P
2.491770280000000,0,\xFF,\0
2.491773920000000,0,\xFF,\0
2.491777540000000,0,\xFF,\x06
2.491781180000000,0,\xFF,\x97
2.491784800000000,0,\xFF,w
2.491788440000000,0,\xFF,P
2.491792060000000,0,\xFF,\x1F
2.491795680000000,0,\xFF,\0
2.491799320000000,0,\xFF,\0
2.491802940000000,0,\xFF,\x10
2.491806580000000,0,\xFF,\0
2.491810200000000,0,\xFF,\0
2.491813840000000,0,\xFF,\xE5
2.491817460000000,0,\xFF,m
2.491821100000000,0,\xFF,\0
2.491824720000000,0,\xFF,s
2.491828340000000,0,\xFF,\0
2.491831980000000,0,\xFF,\0
2.491835600000000,0,\xFF,\0
2.491839240000000,0,\xFF,\xFF
2.491842860000000,0,\xFF,\xFF
2.491846500000000,0,\xFF,\xFF
2.491850120000000,0,\xFF,\xFF
2.491853740000000,0,\xFF,\x0F
2.491857380000000,0,\xFF,\0
2.491861000000000,0,\xFF,\x9A
2.491864640000000,0,\xFF,\xFF
2.491868260000000,0,\xFF,\xFF
2.491871900000000,0,\xFF,\xFF
2.491875520000000,0,\xFF,\xFF
2.491879160000000,0,\xFF,\xFF
2.491882780000000,0,\xFF,\xFF
2.491886400000000,0,\xFF,\xFF
2.491890040000000,0,\xFF,\xFF
2.491893660000000,0,\xFF,\xFF
2.491897300000000,0,\xFF,\xFF
2.491900920000000,0,\xFF,\xFF
2.491904560000000,0,\xFF,\xFF
2.491908180000000,0,\xFF,\0
2.491911820000000,0,\xFF,\0
2.491915440000000,0,\xFF,\xFF
2.491919060000000,0,\xFF,\xFF
2.491922700000000,0,\xFF,\xFF
2.491926320000000,0,\xFF,\xFF
2.491929960000000,0,\xFF,\xE5
2.491933580000000,0,\xFF,.
2.491937220000000,0,\xFF,\0
2.491940840000000,0,\xFF,T
2.491944460000000,0,\xFF,\0
2.491948100000000,0,\xFF,e
2.491951720000000,0,\xFF,\0
2.491955360000000,0,\xFF,m
2.491958980000000,0,\xFF,\0
2.491962620000000,0,\xFF,p
2.491966240000000,0,\xFF,\0
2.491969880000000,0,\xFF,\x0F
2.491973500000000,0,\xFF,\0
2.491977120000000,0,\xFF,\x9A
2.491980760000000,0,\xFF,o
2.491984380000000,0,\xFF,\0
2.491988020000000,0,\xFF,r
2.491991640000000,0,\xFF,\0
2.491995280000000,0,\xFF,a
2.491998900000000,0,\xFF,\0
2.492002540000000,0,\xFF,r
2.492006160000000,0,\xFF,\0
2.492009780000000,0,\xFF,y
2.492013420000000,0,\xFF,\0
2.492017040000000,0,\xFF,I
2.492020680000000,0,\xFF,\0
2.492024300000000,0,\xFF,\0
2.492027940000000,0,\xFF,\0
2.492031560000000,0,\xFF,t
2.492035180000000,0,\xFF,\0
2.492038820000000,0,\xFF,e
2.492042440000000,0,\xFF,\0
2.492046080000000,0,\xFF,\xE5
2.492049700000000,0,\xFF,E
2.492053340000000,0,\xFF,M
2.492056960000000,0,\xFF,P
2.492060600000000,0,\xFF,O
2.492064220000000,0,\xFF,R
2.492067840000000,0,\xFF,~
2.492071480000000,0,\xFF,1
2.492075100000000,0,\xFF, 
2.492078740000000,0,\xFF, 
2.492082360000000,0,\xFF, 
2.492086000000000,0,\xFF,\x12
2.492089620000000,0,\xFF,\0
2.492093240000000,0,\xFF,\x89
2.492096880000000,0,\xFF,\x0F
2.492100500000000,0,\xFF,\xA8
2.492104140000000,0,\xFF,r
2.492107760000000,0,\xFF,P
2.492111400000000,0,\xFF,r
2.492115020000000,0,\xFF,P
2.492118660000000,0,\xFF,\0
2.492122280000000,0,\xFF,\0
2.492130720000000,0,\xFF,\x0F
2.492134360000000,0,\xFF,\xA8
2.492137980000000,0,\xFF,r
2.492141620000000,0,\xFF,P
2.492145240000000,0,\xFF,\x16
2.492148880000000,0,\xFF,\0
2.492152500000000,0,\xFF,\0
2.492156120000000,0,\xFF,\x80
2.492159760000000,0,\xFF,\0
2.492163380000000,0,\xFF,\0
2.492167020000000,0,\xFF,\xE5
2.492170640000000,0,\xFF,.
2.492174280000000,0,\xFF,\0
2.492177900000000,0,\xFF,f
2.492181540000000,0,\xFF,\0
2.492185160000000,0,\xFF,s
2.492188780000000,0,\xFF,\0
2.492192420000000,0,\xFF,e
2.492196040000000,0,\xFF,\0
2.492199680000000,0,\xFF,v
2.492203300000000,0,\xFF,\0
2.492206940000000,0,\xFF,\x0F
2.492210560000000,0,\xFF,\0
2.492214180000000,0,\xFF,\xDA
2.492217820000000,0,\xFF,e
2.492221440000000,0,\xFF,\0
2.492225080000000,0,\xFF,n
2.492228700000000,0,\xFF,\0
2.492232340000000,0,\xFF,t
2.492235960000000,0,\xFF,\0
2.492239600000000,0,\xFF,s
2.492243220000000,0,\xFF,\0
2.492246840000000,0,\xFF,d
2.492250480000000,0,\xFF,\0
2.492254100000000,0,\xFF,\0
2.492257740000000,0,\xFF,\0
2.492261360000000,0,\xFF,\0
2.492265000000000,0,\xFF,\0
2.492268620000000,0,\xFF,\xFF
2.492272240000000,0,\xFF,\xFF
2.492275880000000,0,\xFF,\xFF
2.492279500000000,0,\xFF,\xFF
2.492283140000000,0,\xFF,\xE5
2.492286760000000,0,\xFF,S
2.492290400000000,0,\xFF,E
2.492294020000000,0,\xFF,V
2.492297660000000,0,\xFF,E
2.492301280000000,0,\xFF,N
2.492304900000000,0,\xFF,~
2.492308540000000,0,\xFF,1
2.492312160000000,0,\xFF, 
2.492315800000000,0,\xFF, 
2.492319420000000,0,\xFF, 
2.492323060000000,0,\xFF,\x12
2.492326680000000,0,\xFF,\0
2.492330320000000,0,\xFF,d
2.492340500000000,0,\xFF,\xA6
2.492344140000000,0,\xFF,v
2.492347760000000,0,\xFF,x
2.492351400000000,0,\xFF,P
2.492355020000000,0,\xFF,x
2.492358660000000,0,\xFF,P
2.492362280000000,0,\xFF,\0
2.492365920000000,0,\xFF,\0
2.492369540000000,0,\xFF,\xA6
2.492373160000000,0,\xFF,v
2.492376800000000,0,\xFF,x
2.492380420000000,0,\xFF,P
2.492384060000000,0,\xFF,\x05
2.492387680000000,0,\xFF,\0
2.492391320000000,0,\xFF,\0
2.492394940000000,0,\xFF,\x80
2.492398560000000,0,\xFF,\0
2.492402200000000,0,\xFF,\0
2.492405820000000,0,\xFF,\xE5
2.492409460000000,0,\xFF,0
2.492413080000000,0,\xFF, 
2.492416720000000,0,\xFF, 
2.492420340000000,0,\xFF, 
2.492423980000000,0,\xFF, 
2.492427600000000,0,\xFF, 
2.492431220000000,0,\xFF, 
2.492434860000000,0,\xFF,T
2.492438480000000,0,\xFF,X
2.492442120000000,0,\xFF,T
2.492445740000000,0,\xFF, 
2.492449380000000,0,\xFF,\x10
2.492453000000000,0,\xFF,\xC2
2.492456640000000,0,\xFF,\xF5
2.492460260000000,0,\xFF,\x92
2.492463880000000,0,\xFF,s
2.492467520000000,0,\xFF,P
2.492471140000000,0,\xFF,6
2.492474780000000,0,\xFF,R
2.492478400000000,0,\xFF,\0
2.492482040000000,0,\xFF,\0
2.492485660000000,0,\xFF,8
2.492489280000000,0,\xFF,\xAE
2.492492920000000,0,\xFF,s
2.492496540000000,0,\xFF,P
2.492500180000000,0,\xFF,\0
2.492503800000000,0,\xFF,\0
2.492507440000000,0,\xFF,\0
2.492511060000000,0,\xFF,\0
2.492514700000000,0,\xFF,\0
2.492518320000000,0,\xFF,\0
2.492521940000000,0,\xFF,A
2.492525580000000,0,\xFF,.
2.492529200000000,0,\xFF,\0
2.492532840000000,0,\xFF,_
2.492536460000000,0,\xFF,\0
2.492540100000000,0,\xFF,1
2.492543720000000,0,\xFF,\0
2.492547340000000,0,\xFF,0
2.492550980000000,0,\xFF,\0
2.492554600000000,0,\xFF,.
2.492558240000000,0,\xFF,\0
2.492561860000000,0,\xFF,\x0F
2.492565500000000,0,\xFF,\0
2.492569120000000,0,\xFF,\xED
2.492572760000000,0,\xFF,t
2.492576380000000,0,\xFF,\0
2.492580000000000,0,\xFF,x
2.492583640000000,0,\xFF,\0
2.492587260000000,0,\xFF,t
2.492590900000000,0,\xFF,\0
2.492594520000000,0,\xFF,\0
2.492598160000000,0,\xFF,\0
2.492601780000000,0,\xFF,\xFF
2.492605420000000,0,\xFF,\xFF
2.492609040000000,0,\xFF,\xFF
2.492612660000000,0,\xFF,\xFF
2.492616300000000,0,\xFF,\0
2.492619920000000,0,\xFF,\0
2.492623560000000,0,\xFF,\xFF
2.492627180000000,0,\xFF,\xFF
2.492630820000000,0,\xFF,\xFF
2.492634440000000,0,\xFF,\xFF
2.492640080000000,0,\xFF,\xFC
2.492644200000000,0,\xFF,\xD9
2.492919800000000,0,\xFF,\xFF
2.492923940000000,0,Q,\xFF
2.492937880000000,0,\0,\xFF
2.492948640000000,0,\t,\xFF
2.492955900000000,0,\x02,\xFF
2.492959660000000,0,\0,\xFF
2.492963340000000,0,\xFF,\xFF
2.492966540000000,0,\xFF,\xFF
2.492970220000000,0,\xFF,\0
2.492976480000000,0,\xFF,\xFF
2.492981420000000,0,\xFF,\xFF
2.492986380000000,0,\xFF,\xFF
2.492991320000000,0,\xFF,\xFF
2.492996260000000,0,\xFF,\xFF
2.493001200000000,0,\xFF,\xFF
2.493006140000000,0,\xFF,\xFF
2.493011080000000,0,\xFF,\xFF
2.493016020000000,0,\xFF,\xFF
2.493020960000000,0,\xFF,\xFF
2.493025920000000,0,\xFF,\xFF
2.493030860000000,0,\xFF,\xFF
2.493035800000000,0,\xFF,\xFF
2.493040740000000,0,\xFF,\xFF
2.493045680000000,0,\xFF,\xFF
2.493050620000000,0,\xFF,\xFF
2.493055560000000,0,\xFF,\xFF
2.493060520000000,0,\xFF,\xFF
2.493065460000000,0,\xFF,\xFF
2.493070400000000,0,\xFF,\xFF
2.493075340000000,0,\xFF,\xFF
2.493080280000000,0,\xFF,\xFF
2.493085220000000,0,\xFF,\xFF
2.493090160000000,0,\xFF,\xFF
2.493095100000000,0,\xFF,\xFF
2.493100060000000,0,\xFF,\xFF
2.493105000000000,0,\xFF,\xFF
2.493109940000000,0,\xFF,\xFF
2.493114880000000,0,\xFF,\xFF
2.493119820000000,0,\xFF,\xFF
2.493124760000000,0,\xFF,\xFF
2.493129700000000,0,\xFF,\xFF
2.493134660000000,0,\xFF,\xFF
2.493139600000000,0,\xFF,\xFF
2.493144540000000,0,\xFF,\xFF
2.493155540000000,0,\xFF,\xFF
2.493160500000000,0,\xFF,\xFF
2.493165440000000,0,\xFF,\xFF
2.493170380000000,0,\xFF,\xFF
2.493175320000000,0,\xFF,\xFF
2.493180260000000,0,\xFF,\xFF
2.493185200000000,0,\xFF,\xFF
2.493190140000000,0,\xFF,\xFF
2.493195080000000,0,\xFF,\xFF
2.493200040000000,0,\xFF,\xFF
2.493204980000000,0,\xFF,\xFF
2.493209920000000,0,\xFF,\xFF
2.493214860000000,0,\xFF,\xFF
2.493219800000000,0,\xFF,\xFF
2.493224740000000,0,\xFF,\xFF
2.493229680000000,0,\xFF,\xFF
2.493234640000000,0,\xFF,\xFF
2.493239580000000,0,\xFF,\xFF
2.493244520000000,0,\xFF,\xFF
2.493249460000000,0,\xFF,\xFF
2.493254400000000,0,\xFF,\xFF
2.493259340000000,0,\xFF,\xFF
2.493264280000000,0,\xFF,\xFF
2.493269220000000,0,\xFF,\xFF
2.493274180000000,0,\xFF,\xFF
2.493279120000000,0,\xFF,\xFF
2.493284060000000,0,\xFF,\xFF
2.493289000000000,0,\xFF,\xFF
2.493293940000000,0,\xFF,\xFF
2.493298880000000,0,\xFF,\xFF
2.493303820000000,0,\xFF,\xFF
2.493308780000000,0,\xFF,\xFF
2.493313720000000,0,\xFF,\xFF
2.493318660000000,0,\xFF,\xFF
2.493323600000000,0,\xFF,\xFF
2.493328540000000,0,\xFF,\xFF
2.493333480000000,0,\xFF,\xFF
2.493338420000000,0,\xFF,\xFF
2.493343360000000,0,\xFF,\xFF
2.493348320000000,0,\xFF,\xFF
2.493353260000000,0,\xFF,\xFF
2.493358200000000,0,\xFF,\xFF
2.493363140000000,0,\xFF,\xFF
2.493368080000000,0,\xFF,\xFF
2.493380840000000,0,\xFF,\xFF
2.493385780000000,0,\xFF,\xFF
2.493390740000000,0,\xFF,\xFF
2.493395680000000,0,\xFF,\xFF
2.493400620000000,0,\xFF,\xFF
2.493405560000000,0,\xFF,\xFF
2.493410500000000,0,\xFF,\xFF
2.493415440000000,0,\xFF,\xFF
2.493420380000000,0,\xFF,\xFF
2.493425320000000,0,\xFF,\xFF
2.493430280000000,0,\xFF,\xFF
2.493435220000000,0,\xFF,\xFF
2.493440160000000,0,\xFF,\xFF
2.493445100000000,0,\xFF,\xFF
2.493450040000000,0,\xFF,\xFF
2.493454980000000,0,\xFF,\xFF
2.493459920000000,0,\xFF,\xFF
2.493464880000000,0,\xFF,\xFF
2.493469820000000,0,\xFF,\xFF
2.493474760000000,0,\xFF,\xFF
2.493479700000000,0,\xFF,\xFF
2.493484640000000,0,\xFF,\xFF
2.493489580000000,0,\xFF,\xFF
2.493494520000000,0,\xFF,\xFF
2.493499460000000,0,\xFF,\xFF
2.493504420000000,0,\xFF,\xFF
2.493509360000000,0,\xFF,\xFF
2.493514300000000,0,\xFF,\xFF
2.493519240000000,0,\xFF,\xFF
2.493524180000000,0,\xFF,\xFF
2.493529120000000,0,\xFF,\xFF
2.493534060000000,0,\xFF,\xFF
2.493539020000000,0,\xFF,\xFF
2.493543960000000,0,\xFF,\xFF
2.493548900000000,0,\xFF,\xFF
2.493553840000000,0,\xFF,\xFF
2.493558780000000,0,\xFF,\xFF
2.493563720000000,0,\xFF,\xFF
2.493568660000000,0,\xFF,\xFF
2.493573600000000,0,\xFF,\xFF
2.493578560000000,0,\xFF,\xFF
2.493583500000000,0,\xFF,\xFF
2.493588440000000,0,\xFF,\xFF
2.493593380000000,0,\xFF,\xFF
2.493598320000000,0,\xFF,\xFF
2.493603260000000,0,\xFF,\xFF
2.493608200000000,0,\xFF,\xFF
2.493613160000000,0,\xFF,\xFF
2.493618100000000,0,\xFF,\xFF
2.493623040000000,0,\xFF,\xFF
2.493627980000000,0,\xFF,\xFF
2.493632920000000,0,\xFF,\xFF
2.493637860000000,0,\xFF,\xFF
2.493642800000000,0,\xFF,\xFF
2.493647740000000,0,\xFF,\xFF
2.493652700000000,0,\xFF,\xFF
2.493657640000000,0,\xFF,\xFF
2.493662580000000,0,\xFF,\xFF
2.493667520000000,0,\xFF,\xFE
2.493672220000000,0,\xFF,H
2.493675840000000,0,\xFF,T
2.493679460000000,0,\xFF,B
2.493683100000000,0,\xFF,{
2.493686720000000,0,\xFF,u
2.493690360000000,0,\xFF,n
2.493693980000000,0,\xFF,p
2.493697620000000,0,\xFF,2
2.493701240000000,0,\xFF,0
2.493704880000000,0,\xFF,7
2.493708500000000,0,\xFF,3
2.493712120000000,0,\xFF,c
2.493715760000000,0,\xFF,7
2.493719380000000,0,\xFF,3
2.493723020000000,0,\xFF,d
2.493726640000000,0,\xFF,_
2.493730280000000,0,\xFF,5
2.493733900000000,0,\xFF,3
2.493737540000000,0,\xFF,2
2.493741160000000,0,\xFF,1
2.493744780000000,0,\xFF,4
2.493748420000000,0,\xFF,1
2.493752040000000,0,\xFF,_
2.493755680000000,0,\xFF,p
2.493759300000000,0,\xFF,2
2.493762940000000,0,\xFF,0
2.493766560000000,0,\xFF,7
2.493770180000000,0,\xFF,0
2.493773820000000,0,\xFF,c
2.493777440000000,0,\xFF,0
2.493781080000000,0,\xFF,1
2.493784700000000,0,\xFF,5
2.493788340000000,0,\xFF,_
2.493791960000000,0,\xFF,0
2.493795600000000,0,\xFF,n
2.493799220000000,0,\xFF,_
2.493802840000000,0,\xFF,5
2.493806480000000,0,\xFF,3
2.493810100000000,0,\xFF,c
2.493813740000000,0,\xFF,u
2.493817360000000,0,\xFF,2
2.493821000000000,0,\xFF,3
2.493824620000000,0,\xFF,_
2.493828260000000,0,\xFF,d
2.493831880000000,0,\xFF,3
2.493835500000000,0,\xFF,v
2.493839140000000,0,\xFF,1
2.493842760000000,0,\xFF,c
2.493846400000000,0,\xFF,3
2.493850020000000,0,\xFF,5
2.493853660000000,0,\xFF,}
2.493857280000000,0,\xFF,\r
2.493860900000000,0,\xFF,\n
2.493864540000000,0,\xFF,H
2.493868160000000,0,\xFF,T
2.493871800000000,0,\xFF,B
2.493875420000000,0,\xFF,{
2.493879060000000,0,\xFF,u
2.493882680000000,0,\xFF,n
2.493886320000000,0,\xFF,p
2.493889940000000,0,\xFF,2
2.493893560000000,0,\xFF,0
2.493897200000000,0,\xFF,7
2.493900820000000,0,\xFF,3
2.493904460000000,0,\xFF,c
2.493908080000000,0,\xFF,7
2.493911720000000,0,\xFF,3
2.493915340000000,0,\xFF,d
2.493918980000000,0,\xFF,_
2.493922600000000,0,\xFF,5
2.493926220000000,0,\xFF,3
2.493929860000000,0,\xFF,2
2.493933480000000,0,\xFF,1
2.493937120000000,0,\xFF,4
2.493940740000000,0,\xFF,1
2.493944380000000,0,\xFF,_
2.493948000000000,0,\xFF,p
2.493951620000000,0,\xFF,2
2.493955260000000,0,\xFF,0
2.493958880000000,0,\xFF,7
2.493962520000000,0,\xFF,0
2.493966140000000,0,\xFF,c
2.493969780000000,0,\xFF,0
2.493973400000000,0,\xFF,1
2.493977040000000,0,\xFF,5
2.493980660000000,0,\xFF,_
2.493984280000000,0,\xFF,0
2.493987920000000,0,\xFF,n
2.493991540000000,0,\xFF,_
2.493995180000000,0,\xFF,5
2.493998800000000,0,\xFF,3
2.494002440000000,0,\xFF,c
2.494006060000000,0,\xFF,u
2.494009700000000,0,\xFF,2
2.494013320000000,0,\xFF,3
2.494016940000000,0,\xFF,_
2.494020580000000,0,\xFF,d
2.494024200000000,0,\xFF,3
2.494027840000000,0,\xFF,v
2.494031460000000,0,\xFF,1
2.494035100000000,0,\xFF,c
2.494038720000000,0,\xFF,3
2.494042340000000,0,\xFF,5
2.494045980000000,0,\xFF,}
2.494049600000000,0,\xFF,\r
2.494053240000000,0,\xFF,\n
2.494056860000000,0,\xFF,\0
2.494060500000000,0,\xFF,\0
2.494064120000000,0,\xFF,\0
2.494067760000000,0,\xFF,\0
2.494071380000000,0,\xFF,\0
2.494075000000000,0,\xFF,\0
2.494078640000000,0,\xFF,\0
2.494082260000000,0,\xFF,\0
2.494085900000000,0,\xFF,\0
2.494089520000000,0,\xFF,\0
2.494093160000000,0,\xFF,\0
2.494096780000000,0,\xFF,\0
2.494100400000000,0,\xFF,\xFF
2.494104040000000,0,\xFF,\xFF
2.494107660000000,0,\xFF,\0
2.494111300000000,0,\xFF,\0
2.494114920000000,0,\xFF,\0
2.494118560000000,0,\xFF,\0
2.494122180000000,0,\xFF,\0
2.494125820000000,0,\xFF,\0
2.494129440000000,0,\xFF,\0
2.494133060000000,0,\xFF,\0
2.494136700000000,0,\xFF,\0
2.494140320000000,0,\xFF,\0
2.494143960000000,0,\xFF,\0
2.494147580000000,0,\xFF,\0
2.494151220000000,0,\xFF,\0
2.494154840000000,0,\xFF,\0
2.494158480000000,0,\xFF,\0
2.494162100000000,0,\xFF,\0
2.494165720000000,0,\xFF,\0
2.494169360000000,0,\xFF,\0
2.494172980000000,0,\xFF,\0
2.494180680000000,0,\xFF,\0
2.494184320000000,0,\xFF,\0
2.494187940000000,0,\xFF,\0
2.494191560000000,0,\xFF,\0
2.494195200000000,0,\xFF,\0
2.494198820000000,0,\xFF,\0
2.494202460000000,0,\xFF,\0
2.494206080000000,0,\xFF,\0
2.494209720000000,0,\xFF,\0
2.494213340000000,0,\xFF,\0
2.494216960000000,0,\xFF,\0
2.494220600000000,0,\xFF,\0
2.494224220000000,0,\xFF,\0
2.494227860000000,0,\xFF,\0
2.494231480000000,0,\xFF,\0
2.494235120000000,0,\xFF,\0
2.494238740000000,0,\xFF,\0
2.494242380000000,0,\xFF,\0
2.494246000000000,0,\xFF,\0
2.494249620000000,0,\xFF,\0
2.494253260000000,0,\xFF,\0
2.494256880000000,0,\xFF,\0
2.494260520000000,0,\xFF,\0
2.494264140000000,0,\xFF,\0
2.494267780000000,0,\xFF,\0
2.494271400000000,0,\xFF,\0
2.494275020000000,0,\xFF,\0
2.494278660000000,0,\xFF,\0
2.494282280000000,0,\xFF,\0
2.494285920000000,0,\xFF,\0
2.494289540000000,0,\xFF,\0
2.494293180000000,0,\xFF,\0
2.494296800000000,0,\xFF,\0
2.494300440000000,0,\xFF,\0
2.494304060000000,0,\xFF,\0
2.494307680000000,0,\xFF,\0
2.494311320000000,0,\xFF,\0
2.494314940000000,0,\xFF,\xFF
2.494318580000000,0,\xFF,\xFF
2.494322200000000,0,\xFF,\0
2.494325840000000,0,\xFF,\0
2.494329460000000,0,\xFF,\0
2.494333100000000,0,\xFF,\0
2.494336720000000,0,\xFF,\0
2.494340340000000,0,\xFF,\0
2.494343980000000,0,\xFF,\0
2.494347600000000,0,\xFF,\0
2.494351240000000,0,\xFF,\0
2.494354860000000,0,\xFF,\0
2.494358500000000,0,\xFF,\0
2.494362120000000,0,\xFF,\0
2.494365740000000,0,\xFF,\0
2.494369380000000,0,\xFF,\0
2.494373000000000,0,\xFF,\0
2.494376640000000,0,\xFF,\0
2.494380260000000,0,\xFF,\0
2.494383900000000,0,\xFF,\0
2.494387520000000,0,\xFF,\0
2.494391160000000,0,\xFF,\0
2.494394780000000,0,\xFF,\0
2.494398400000000,0,\xFF,\0
2.494402040000000,0,\xFF,\0
2.494405660000000,0,\xFF,\0
2.494409300000000,0,\xFF,\0
2.494412920000000,0,\xFF,\0
2.494422620000000,0,\xFF,\0
2.494426260000000,0,\xFF,\0
2.494429880000000,0,\xFF,\0
2.494433500000000,0,\xFF,\0
2.494437140000000,0,\xFF,\0
2.494440760000000,0,\xFF,\0
2.494444400000000,0,\xFF,\0
2.494448020000000,0,\xFF,\0
2.494451660000000,0,\xFF,\0
2.494455280000000,0,\xFF,\0
2.494458900000000,0,\xFF,\0
2.494462540000000,0,\xFF,\0
2.494466160000000,0,\xFF,\0
2.494469800000000,0,\xFF,\0
2.494473420000000,0,\xFF,\0
2.494477060000000,0,\xFF,\0
2.494480680000000,0,\xFF,\0
2.494484320000000,0,\xFF,\0
2.494487940000000,0,\xFF,\0
2.494491560000000,0,\xFF,\0
2.494495200000000,0,\xFF,\0
2.494498820000000,0,\xFF,\0
2.494502460000000,0,\xFF,\0
2.494506080000000,0,\xFF,\0
2.494509720000000,0,\xFF,\0
2.494513340000000,0,\xFF,\0
2.494516980000000,0,\xFF,\xFF
2.494520600000000,0,\xFF,\xFF
2.494524220000000,0,\xFF,\0
2.494527860000000,0,\xFF,\0
2.494531480000000,0,\xFF,\0
2.494535120000000,0,\xFF,\0
2.494538740000000,0,\xFF,\0
2.494542380000000,0,\xFF,\0
2.494546000000000,0,\xFF,\0
2.494549620000000,0,\xFF,\0
2.494553260000000,0,\xFF,\0
2.494556880000000,0,\xFF,\0
2.494560520000000,0,\xFF,\0
2.494564140000000,0,\xFF,\0
2.494567780000000,0,\xFF,\0
2.494571400000000,0,\xFF,\0
2.494575040000000,0,\xFF,\0
2.494578660000000,0,\xFF,\0
2.494582280000000,0,\xFF,\0
2.494585920000000,0,\xFF,\0
2.494589540000000,0,\xFF,\0
2.494593180000000,0,\xFF,\0
2.494596800000000,0,\xFF,\0
2.494600440000000,0,\xFF,\0
2.494604060000000,0,\xFF,\0
2.494607700000000,0,\xFF,\0
2.494611320000000,0,\xFF,\0
2.494614940000000,0,\xFF,\0
2.494618580000000,0,\xFF,\0
2.494622200000000,0,\xFF,\0
2.494625840000000,0,\xFF,\0
2.494629460000000,0,\xFF,\0
2.494633100000000,0,\xFF,\0
2.494636720000000,0,\xFF,\0
2.494640340000000,0,\xFF,\0
2.494643980000000,0,\xFF,\0
2.494647600000000,0,\xFF,\0
2.494651240000000,0,\xFF,\0
2.494654860000000,0,\xFF,\0
2.494658500000000,0,\xFF,\0
2.494662120000000,0,\xFF,\0
2.494665760000000,0,\xFF,\0
2.494669380000000,0,\xFF,\0
2.494673000000000,0,\xFF,\0
2.494676640000000,0,\xFF,\0
2.494680260000000,0,\xFF,\0
2.494683900000000,0,\xFF,\0
2.494687520000000,0,\xFF,\0
2.494691160000000,0,\xFF,\0
2.494694780000000,0,\xFF,\0
2.494698400000000,0,\xFF,\0
2.494702040000000,0,\xFF,\0
2.494705660000000,0,\xFF,\0
2.494709300000000,0,\xFF,\0
2.494712920000000,0,\xFF,\0
2.494716560000000,0,\xFF,\0
2.494720180000000,0,\xFF,\0
2.494723820000000,0,\xFF,\0
2.494727440000000,0,\xFF,\0
2.494731060000000,0,\xFF,\0
2.494734700000000,0,\xFF,\0
2.494738320000000,0,\xFF,\0
2.494741960000000,0,\xFF,\0
2.494745580000000,0,\xFF,\0
2.494749220000000,0,\xFF,\0
2.494752840000000,0,\xFF,\0
2.494756480000000,0,\xFF,\0
2.494760100000000,0,\xFF,\0
2.494763720000000,0,\xFF,\0
2.494767360000000,0,\xFF,\0
2.494770980000000,0,\xFF,\0
2.494774620000000,0,\xFF,\0
2.494778240000000,0,\xFF,\0
2.494781880000000,0,\xFF,\0
2.494785500000000,0,\xFF,\0
2.494789120000000,0,\xFF,\0
2.494792760000000,0,\xFF,\0
2.494796380000000,0,\xFF,\0
2.494800020000000,0,\xFF,\0
2.494803640000000,0,\xFF,\0
2.494807280000000,0,\xFF,\0
2.494810900000000,0,\xFF,\0
2.494814540000000,0,\xFF,\0
2.494818160000000,0,\xFF,\0
2.494821780000000,0,\xFF,\0
2.494825420000000,0,\xFF,\0
2.494829040000000,0,\xFF,\0
2.494832680000000,0,\xFF,\0
2.494836300000000,0,\xFF,\0
2.494839940000000,0,\xFF,\0
2.494843560000000,0,\xFF,\0
2.494847200000000,0,\xFF,\0
2.494850820000000,0,\xFF,\0
2.494854440000000,0,\xFF,\0
2.494858080000000,0,\xFF,\0
2.494861700000000,0,\xFF,\0
2.494865340000000,0,\xFF,\0
2.494868960000000,0,\xFF,\0
2.494872600000000,0,\xFF,\0
2.494876220000000,0,\xFF,\0
2.494879840000000,0,\xFF,\0
2.494883480000000,0,\xFF,\0
2.494887100000000,0,\xFF,\0
2.494890740000000,0,\xFF,\0
2.494894360000000,0,\xFF,\0
2.494898000000000,0,\xFF,\0
2.494901620000000,0,\xFF,\0
2.494905260000000,0,\xFF,\0
2.494908880000000,0,\xFF,\0
2.494912500000000,0,\xFF,\0
2.494916140000000,0,\xFF,\0
2.494919760000000,0,\xFF,\0
2.494923400000000,0,\xFF,\0
2.494927020000000,0,\xFF,\0
2.494930660000000,0,\xFF,\0
2.494934280000000,0,\xFF,\0
2.494937920000000,0,\xFF,\0
2.494941540000000,0,\xFF,\0
2.494945160000000,0,\xFF,\0
2.494948800000000,0,\xFF,\0
2.494952420000000,0,\xFF,\0
2.494956060000000,0,\xFF,\0
2.494959680000000,0,\xFF,\0
2.494963320000000,0,\xFF,\0
2.494966940000000,0,\xFF,\0
2.494970560000000,0,\xFF,\0
2.494974200000000,0,\xFF,\0
2.494977820000000,0,\xFF,\0
2.494981460000000,0,\xFF,\0
2.494985080000000,0,\xFF,\0
2.494988720000000,0,\xFF,\0
2.494992340000000,0,\xFF,\0
2.494995980000000,0,\xFF,\0
2.494999600000000,0,\xFF,\0
2.495003220000000,0,\xFF,\0
2.495006860000000,0,\xFF,\0
2.495010480000000,0,\xFF,\0
2.495014120000000,0,\xFF,\0
2.495017740000000,0,\xFF,\0
2.495021380000000,0,\xFF,\0
2.495025000000000,0,\xFF,\0
2.495028620000000,0,\xFF,\0
2.495032260000000,0,\xFF,\0
2.495035880000000,0,\xFF,\0
2.495039520000000,0,\xFF,\0
2.495043140000000,0,\xFF,\0
2.495046780000000,0,\xFF,\0
2.495050400000000,0,\xFF,\0
2.495054040000000,0,\xFF,\0
2.495057660000000,0,\xFF,\0
2.495061280000000,0,\xFF,\0
2.495064920000000,0,\xFF,\0
2.495068540000000,0,\xFF,\0
2.495072180000000,0,\xFF,\0
2.495075800000000,0,\xFF,\0
2.495079440000000,0,\xFF,\0
2.495083060000000,0,\xFF,\0
2.495086700000000,0,\xFF,\0
2.495090320000000,0,\xFF,\0
2.495093940000000,0,\xFF,\0
2.495097580000000,0,\xFF,\0
2.495101200000000,0,\xFF,\0
2.495104840000000,0,\xFF,\0
2.495108460000000,0,\xFF,\0
2.495112100000000,0,\xFF,\0
2.495115720000000,0,\xFF,\0
2.495119340000000,0,\xFF,\0
2.495122980000000,0,\xFF,\0
2.495126600000000,0,\xFF,\0
2.495130240000000,0,\xFF,\0
2.495133860000000,0,\xFF,\0
2.495137500000000,0,\xFF,\0
2.495141120000000,0,\xFF,\0
2.495144760000000,0,\xFF,\0
2.495148380000000,0,\xFF,\0
2.495152000000000,0,\xFF,\0
2.495155640000000,0,\xFF,\0
2.495159260000000,0,\xFF,\0
2.495162900000000,0,\xFF,\0
2.495166520000000,0,\xFF,\0
2.495170160000000,0,\xFF,\0
2.495173780000000,0,\xFF,\0
2.495177420000000,0,\xFF,\0
2.495181040000000,0,\xFF,\0
2.495184660000000,0,\xFF,\0
2.495188300000000,0,\xFF,\0
2.495191920000000,0,\xFF,\0
2.495195560000000,0,\xFF,\0
2.495205260000000,0,\xFF,\0
2.495208880000000,0,\xFF,\0
2.495212500000000,0,\xFF,\0
2.495216140000000,0,\xFF,\0
2.495219760000000,0,\xFF,\0
2.495223400000000,0,\xFF,\0
2.495227020000000,0,\xFF,\0
2.495230660000000,0,\xFF,\0
2.495234280000000,0,\xFF,\0
2.495237920000000,0,\xFF,\0
2.495241540000000,0,\xFF,\0
2.495245160000000,0,\xFF,\0
2.495248800000000,0,\xFF,\0
2.495252420000000,0,\xFF,\0
2.495256060000000,0,\xFF,\0
2.495259680000000,0,\xFF,\0
2.495263320000000,0,\xFF,\0
2.495266940000000,0,\xFF,\0
2.495270580000000,0,\xFF,\0
2.495274200000000,0,\xFF,\0
2.495277820000000,0,\xFF,\0
2.495281460000000,0,\xFF,\0
2.495285080000000,0,\xFF,\0
2.495288720000000,0,\xFF,\0
2.495292340000000,0,\xFF,\0
2.495295980000000,0,\xFF,\0
2.495299600000000,0,\xFF,\0
2.495303220000000,0,\xFF,\0
2.495306860000000,0,\xFF,\0
2.495310480000000,0,\xFF,\0
2.495314120000000,0,\xFF,\0
2.495317740000000,0,\xFF,\0
2.495321380000000,0,\xFF,\0
2.495325000000000,0,\xFF,\0
2.495328640000000,0,\xFF,\0
2.495332260000000,0,\xFF,\0
2.495335880000000,0,\xFF,\0
2.495339520000000,0,\xFF,\0
2.495343140000000,0,\xFF,\0
2.495346780000000,0,\xFF,\0
2.495350400000000,0,\xFF,\0
2.495354040000000,0,\xFF,\0
2.495357660000000,0,\xFF,\0
2.495361300000000,0,\xFF,\0
2.495364920000000,0,\xFF,\0
2.495368540000000,0,\xFF,\0
2.495372180000000,0,\xFF,\0
2.495375800000000,0,\xFF,\0
2.495379440000000,0,\xFF,\0
2.495383060000000,0,\xFF,\0
2.495386700000000,0,\xFF,\0
2.495390320000000,0,\xFF,\0
2.495393940000000,0,\xFF,\0
2.495397580000000,0,\xFF,\0
2.495401200000000,0,\xFF,\0
2.495404840000000,0,\xFF,\0
2.495408460000000,0,\xFF,\0
2.495412100000000,0,\xFF,\0
2.495415720000000,0,\xFF,\0
2.495419360000000,0,\xFF,\0
2.495422980000000,0,\xFF,\0
2.495426600000000,0,\xFF,\0
2.495430240000000,0,\xFF,\0
2.495433860000000,0,\xFF,\0
2.495437500000000,0,\xFF,\0
2.495441120000000,0,\xFF,\0
2.495444760000000,0,\xFF,\0
2.495448380000000,0,\xFF,\0
2.495452000000000,0,\xFF,\0
2.495463460000000,0,\xFF,\0
2.495467080000000,0,\xFF,\0
2.495470720000000,0,\xFF,\0
2.495474340000000,0,\xFF,\0
2.495477980000000,0,\xFF,\0
2.495481600000000,0,\xFF,\0
2.495485240000000,0,\xFF,\0
2.495488860000000,0,\xFF,\0
2.495492480000000,0,\xFF,\0
2.495496120000000,0,\xFF,\0
2.495499740000000,0,\xFF,\0
2.495503380000000,0,\xFF,\0
2.495507000000000,0,\xFF,\0
2.495510640000000,0,\xFF,\0
2.495514260000000,0,\xFF,\0
2.495517900000000,0,\xFF,\0
2.495521520000000,0,\xFF,\0
2.495525140000000,0,\xFF,\0
2.495528780000000,0,\xFF,\0
2.495532400000000,0,\xFF,\0
2.495536040000000,0,\xFF,\0
2.495539660000000,0,\xFF,\0
2.495543300000000,0,\xFF,\0
2.495546920000000,0,\xFF,\0
2.495550560000000,0,\xFF,\0
2.495556180000000,0,\xFF,\x86
2.495560320000000,0,\xFF,b
